epochs,losses,size_losses,religion_losses,ethnicity_losses,household_composition_losses,religion_accuracies,ethnicity_accuracies,household_composition_accuracies,size_distribution_accuracies,overall_accuracies,cumulative_time_seconds,epoch_time_seconds,tau_values
1,46.262210845947266,0.09697369486093521,13.820232391357422,14.154814720153809,18.190189361572266,39.97613365155131,62.1036481418343,11.080804636890555,95.40992975234985,52.142629045656506,7.1624321937561035,7.1624321937561035,0.995
2,45.097808837890625,0.09895645827054977,13.476667404174805,13.954046249389648,17.568138122558594,40.87964541425162,62.87078077054211,12.478690760313672,92.52309799194336,52.188053734262695,14.361037015914917,6.8811845779418945,0.990025
3,43.54021453857422,0.10051608830690384,12.869206428527832,13.586584091186523,16.983909606933594,40.67507671326287,61.50698943061712,11.097852028639618,94.13972496986389,51.85491078559588,21.45198130607605,6.728992223739624,0.985074875
4,40.899627685546875,0.1039515808224678,12.07504940032959,12.766401290893555,15.954227447509766,42.004773269689736,62.18888510057962,11.200136379133992,92.92725324630737,52.08026199892768,28.48879337310791,6.67200779914856,0.9801495006250001
5,38.37248992919922,0.1184726431965828,11.088581085205078,12.18199634552002,14.983442306518555,43.62427548585067,61.47289464711899,12.154790317081487,93.50461959838867,52.68914501210995,35.69758439064026,6.849326133728027,0.9752487531218751
6,34.34237289428711,0.1599876433610916,10.019911766052246,10.640185356140137,13.522290229797363,45.687009887487214,62.30821684282305,11.438799863620867,92.55196452140808,52.996497778834794,44.2948682308197,8.231393575668335,0.9703725093562657
7,30.666297912597656,0.26341286301612854,9.330815315246582,8.775320053100586,12.296749114990234,47.88612342311626,62.00136379133993,12.580975110808046,92.10987091064453,53.64458330897719,54.58731174468994,9.892007112503052,0.9655206468094844
8,27.13612174987793,0.6359069347381592,8.55756950378418,6.677779197692871,11.26486587524414,49.79543129901125,61.91612683259461,13.46743948175929,90.65583944320679,53.95870926414298,66.31491327285767,11.193467855453491,0.960693043575437
9,24.737499237060547,1.3365914821624756,7.813735485076904,5.30505895614624,10.282113075256348,52.57415615410842,62.359359018070236,13.859529491987727,90.26761054992676,54.76516380352328,74.88384652137756,8.153954267501831,0.9558895783575597
10,21.947742462158203,1.716927170753479,7.170406341552734,4.139272212982178,8.921136856079102,53.9890896692806,63.38220252301397,14.217524718718035,87.17185258865356,54.69016737491654,82.1557285785675,6.899967193603516,0.9511101304657719
11,19.732370376586914,1.5968382358551025,6.590496063232422,3.8806581497192383,7.664377689361572,56.614387998636204,64.35390385271053,13.961813842482101,86.15831732749939,55.272105755332056,89.53555154800415,6.983565807342529,0.946354579813443
12,18.07447052001953,1.2662928104400635,6.202969551086426,4.008481025695801,6.596728324890137,56.426866689396526,64.43914081145584,16.433685646096148,84.2840850353241,55.395944545568156,98.51366877555847,8.597136974334717,0.9416228069143757
13,16.294193267822266,1.1198738813400269,5.391290187835693,3.866361379623413,5.916667461395264,57.671326287078074,65.5472212751449,17.09853392430958,82.9728364944458,55.82247949524459,105.70726299285889,6.817148447036743,0.9369146928798039
14,15.33563232421875,1.1816811561584473,4.949112415313721,3.454383134841919,5.750455379486084,58.35322195704057,66.2291169451074,16.501875213092397,82.37516283988953,55.86484423878246,112.84519934654236,6.767433166503906,0.9322301194154049
15,13.821430206298828,1.10860276222229,4.311065673828125,3.027503728866577,5.374258518218994,61.421752471871805,67.57586089328332,17.337197408796452,81.46549463272095,56.95007635166813,120.33058071136475,7.118436574935913,0.9275689688183278
16,13.196050643920898,1.1188524961471558,4.026319980621338,3.2223551273345947,4.828522205352783,62.359359018070236,68.66689396522332,18.121377429253325,80.99091053009033,57.5346352356593,128.66448998451233,7.983365297317505,0.9229311239742362
17,11.569815635681152,1.0334649085998535,3.3924484252929688,2.6696953773498535,4.474206924438477,65.97340606887147,69.46812137742924,18.59870439822707,81.03950619697571,58.76993451037586,136.0098352432251,6.952346563339233,0.918316468354365
18,10.732221603393555,0.9871810078620911,2.938582420349121,2.56650447845459,4.239953994750977,67.50767132628708,70.8489601091033,19.65564268666894,80.42265176773071,59.60873147244751,143.26820421218872,6.897805213928223,0.9137248860125932
19,9.624584197998047,0.8982729315757751,2.3931422233581543,2.4224023818969727,3.910766839981079,70.78077054210705,71.56495056256392,19.72383225366519,80.33055067062378,60.60002600723999,150.50280904769897,6.83563232421875,0.9091562615825302
20,8.755943298339844,0.853995144367218,2.0107157230377197,2.311581611633301,3.579650402069092,72.3491305830208,71.5308557790658,20.235254006137062,80.96847534179688,61.27092892750513,157.63127899169922,6.7665417194366455,0.9046104802746175
21,8.113371849060059,0.7994118332862854,1.6099153757095337,2.2234928607940674,3.4805514812469482,73.57654278895329,71.70132969655643,20.644391408114558,80.03297448158264,61.48880959380173,164.72073435783386,6.723543643951416,0.9000874278732445
22,7.878488540649414,0.8290597796440125,1.4245977401733398,2.2249197959899902,3.3999111652374268,75.23013978861233,71.29219229457892,21.29219229457893,79.22574281692505,61.760066798673805,171.94647979736328,6.845685243606567,0.8955869907338783
23,7.001097679138184,0.8302192091941833,1.035156011581421,1.9606748819351196,3.1750473976135254,77.39515854074327,72.05932492328674,21.56495056256393,79.15500402450562,62.54360951277489,179.00523710250854,6.712456941604614,0.8911090557802088
24,6.680122375488281,0.8220804333686829,0.7565425634384155,2.0686864852905273,3.0328128337860107,78.23048073644733,71.83770883054893,21.991135356290485,79.38651442527771,62.86145983714111,186.19127988815308,6.827011823654175,0.8866535105013078
25,6.238216400146484,0.8591878414154053,0.6130774021148682,1.827297568321228,2.9386532306671143,79.28741902488919,71.8036140470508,20.917149676099555,76.56610012054443,62.14357071714599,193.45919275283813,6.865849733352661,0.8822202429488013
26,5.827568531036377,0.8371506929397583,0.4839390218257904,1.7308249473571777,2.775653839111328,80.58302079781794,72.40027275826797,21.92294578929424,76.75700187683105,62.915810305552796,200.57898449897766,6.752790927886963,0.8778091417340573
27,5.759525299072266,0.852705717086792,0.4827464520931244,1.7715356349945068,2.6525371074676514,81.0092055915445,72.9798840777361,22.195704057279237,76.27260088920593,63.11434865394144,207.64131355285645,6.71427583694458,0.8734200960253871
28,5.294823169708252,0.8104109168052673,0.38737866282463074,1.7037241458892822,2.3933095932006836,81.98090692124104,73.35492669621549,23.5254006137061,76.76846981048584,63.90742601041212,214.69810914993286,6.692454814910889,0.8690529955452602
29,5.241909980773926,0.8611714839935303,0.355835497379303,1.5420730113983154,2.4828298091888428,81.87862257074667,74.05386975792703,23.474258438458918,75.23557543754578,63.66058155116961,222.28273272514343,7.231761455535889,0.8647077305675338
30,4.9686174392700195,0.8381300568580627,0.3436208963394165,1.4888911247253418,2.2979753017425537,82.59461302420729,73.67882713944766,23.678827139447662,75.4796028137207,63.85796752920583,229.67506861686707,6.991518497467041,0.8603841919146962
31,4.879252910614014,0.840609073638916,0.33767709136009216,1.4396413564682007,2.2613253593444824,82.81622911694511,74.46300715990454,23.42311626321173,74.8880386352539,63.89759779382882,236.97773122787476,6.918086767196655,0.8560822709551227
32,4.5962066650390625,0.8045375347137451,0.32058173418045044,1.34160315990448,2.1294844150543213,83.6856460961473,74.41186498465736,24.786907603136722,74.59934949874878,64.37094204567254,244.3510992527008,6.97467041015625,0.851801859600347
33,4.620032787322998,0.8121777176856995,0.306763231754303,1.3155745267868042,2.1855173110961914,83.4128878281623,75.26423457211047,24.258438458915784,72.12337255477905,63.7647333534919,252.7069606781006,7.965652942657471,0.8475428503023453
34,4.42949914932251,0.7920287251472473,0.2858058512210846,1.2527631521224976,2.0989012718200684,83.54926696215479,75.58813501534264,25.110808046368906,73.64892959594727,64.47428490495341,260.3165194988251,7.2331366539001465,0.8433051360508336
35,4.25950813293457,0.7850536704063416,0.2775008976459503,1.2425987720489502,1.9543548822402954,83.66859870439822,75.84384589157858,26.321172860552334,72.26436138153076,64.52449470951498,268.1443295478821,7.410075664520264,0.8390886103705794
36,4.287596225738525,0.759209156036377,0.29058638215065,1.3551069498062134,1.882693886756897,83.78793044664167,76.0143198090692,27.923627684964202,71.59640192985535,64.8305699676326,275.6310510635376,7.0388689041137695,0.8348931673187264
37,4.081574440002441,0.7608292102813721,0.28932270407676697,1.2247240543365479,1.8066983222961426,83.44698261166042,77.20763723150358,27.582679849982956,72.94588088989258,65.29579514575987,283.24414706230164,7.212221145629883,0.8307187014821328
38,4.105868816375732,0.7919411063194275,0.3016003668308258,1.2658473253250122,1.746480107307434,83.17422434367542,77.44630071599046,29.491987725877937,71.91905975341797,65.50789313474044,290.4643075466156,6.786037921905518,0.8265651079747222
39,3.828981876373291,0.7701537013053894,0.2908836603164673,1.1383609771728516,1.629583477973938,83.39584043641322,77.5144902829867,29.253324241391066,72.44889736175537,65.6531380806366,297.62394642829895,6.789927959442139,0.8224322824348486
40,3.8567605018615723,0.7719943523406982,0.33154258131980896,1.135155200958252,1.6180680990219116,83.51517217865666,78.40095465393794,30.037504261847936,70.24405598640442,65.54942177021174,304.823849439621,6.816154718399048,0.8183201210226743
41,3.723526954650879,0.7389979362487793,0.29785239696502686,1.142241358757019,1.5444353818893433,83.53221957040573,78.43504943743608,30.08864643709512,71.67056798934937,65.93162085857158,311.99738359451294,6.783474683761597,0.8142285204175609
42,3.622748851776123,0.7497209906578064,0.29137617349624634,1.0990102291107178,1.4826414585113525,82.90146607569042,79.11694510739858,31.179679509035118,69.70576643943787,65.72596428289049,322.06139612197876,9.677286863327026,0.810157377815473
43,3.4419448375701904,0.7627350687980652,0.304231196641922,0.9642075300216675,1.410771131515503,83.83907262188886,79.3726559836345,31.281963859529494,69.8099136352539,66.07590152507669,329.44396138191223,6.991595029830933,0.8061065909263957
44,3.5291388034820557,0.7269409894943237,0.30641406774520874,1.0763862133026123,1.4193975925445557,83.42993521991136,80.61711558131606,30.992158199795433,70.27467489242554,66.3284709733621,336.5923984050751,6.7610023021698,0.8020760579717637
45,3.4717049598693848,0.7315311431884766,0.3325388729572296,1.0238476991653442,1.3837871551513672,82.96965564268667,80.12274122059326,32.526423457211045,71.51155471801758,66.78259375962713,343.80188512802124,6.849781513214111,0.798065677681905
46,3.283177375793457,0.739592432975769,0.2797783315181732,0.9955180287361145,1.2682887315750122,85.1346743948176,80.3784520968292,32.5946130242073,71.10850811004639,67.30406190647511,351.07168984413147,6.881044626235962,0.7940753492934954
47,3.196506977081299,0.7773869037628174,0.303519070148468,0.8398992419242859,1.2757017612457275,85.0835322195704,81.26491646778044,33.66859870439823,70.43145895004272,67.61212658544795,358.18421483039856,6.7467710971832275,0.7901049725470279
48,3.3020753860473633,0.7530947327613831,0.31916967034339905,0.872131884098053,1.3576792478561401,84.55506307534947,81.58881691101261,33.08898738493011,70.4179048538208,67.41269305627824,365.4670901298523,6.857124090194702,0.7861544476842928
49,3.1630237102508545,0.7491956353187561,0.3274867832660675,0.8593564033508301,1.2269848585128784,84.57211046709854,82.10023866348448,34.91305830207978,69.05534863471985,67.66018901684566,373.4488775730133,7.584847688674927,0.7822236754458713
50,3.060197353363037,0.7419220209121704,0.2950238287448883,0.7516152858734131,1.2716361284255981,84.75963177633822,82.39004432321855,33.583361745652915,70.52428722381592,67.8143312672564,380.6371681690216,6.794651508331299,0.778312557068642
51,3.104890823364258,0.7355466485023499,0.27478504180908203,0.8327873945236206,1.2617716789245605,84.23116263211729,82.50937606546198,34.8107739515854,70.47675848007202,68.00701778230918,387.84699392318726,6.8297083377838135,0.7744209942832988
52,3.0083541870117188,0.7509660124778748,0.27225565910339355,0.8364388942718506,1.148693561553955,84.82782134333448,82.88441868394135,35.11762700306853,68.44911575317383,67.81974569587955,394.9187066555023,6.6822121143341064,0.7705488893118823
53,2.9946422576904297,0.7484754323959351,0.30123209953308105,0.7805936932563782,1.1643409729003906,84.57211046709854,83.07193999318105,35.6290487555404,70.84183692932129,68.52873403628533,402.0789258480072,6.76531720161438,0.7666961448653229
54,3.0569260120391846,0.7382417917251587,0.30552515387535095,0.7585909366607666,1.254568099975586,84.64030003409478,83.0889873849301,35.08353221957041,70.23448944091797,68.26182726987831,409.244530916214,6.784897327423096,0.7628626641409962
55,2.9964988231658936,0.7612026929855347,0.2859596312046051,0.7583104372024536,1.1910260915756226,84.07773610637572,83.39584043641322,35.06648482782134,71.16114497184753,68.42530158561446,416.43894624710083,6.782323122024536,0.7590483508202912
56,2.9427490234375,0.7487642168998718,0.28046295046806335,0.6857388615608215,1.2277830839157104,84.24821002386635,83.85612001363792,34.98124786907603,68.68118047714233,67.94168959593065,423.5589394569397,6.714898586273193,0.7552531090661897
57,2.8802101612091064,0.7227841019630432,0.294364333152771,0.7364461421966553,1.1266155242919922,85.1346743948176,84.24821002386635,35.850664848278214,69.40065622329712,68.65855137256483,430.69055557250977,6.748518466949463,0.7514768435208588
58,2.8022561073303223,0.7197394371032715,0.29627296328544617,0.7056853175163269,1.0805584192276,84.65734742584384,83.82202523013979,35.52676440504603,71.61570191383362,68.90545974371582,437.8273694515228,6.750856637954712,0.7477194593032545
59,2.771237373352051,0.6885594129562378,0.27420538663864136,0.6830689907073975,1.1254037618637085,85.25400613706104,84.46982611660417,35.93590180702353,70.84359526634216,69.12583233175772,445.2835121154785,7.068342685699463,0.7439808620067382
60,2.773932933807373,0.6825861930847168,0.28080689907073975,0.6942662596702576,1.1162736415863037,85.10057961131947,84.19706784861916,36.83941356972383,70.79830169677734,69.23384068160995,452.6805703639984,6.996903419494629,0.7402609576967045
61,2.6869475841522217,0.719427764415741,0.31358054280281067,0.5805372595787048,1.073401927947998,84.48687350835323,84.89601091033072,37.862257074667575,70.74056267738342,69.49642604268374,459.8115584850311,6.74883508682251,0.736559652908221
62,2.761568069458008,0.7313169240951538,0.28225818276405334,0.6369470357894897,1.1110460758209229,84.5380156836004,85.73133310603478,37.52130923968633,69.81900334358215,69.40241534322591,466.9544403553009,6.768012762069702,0.7328768546436799
63,2.7002205848693848,0.7358766794204712,0.28697264194488525,0.6135655045509338,1.0638059377670288,85.64609614728947,85.54381179679508,38.04977838390726,70.4818606376648,69.93038674141415,474.1336352825165,6.799116373062134,0.7292124703704616
64,2.765580177307129,0.7136093378067017,0.29198306798934937,0.6614501476287842,1.0985376834869385,85.37333787930447,85.06648482782134,38.28844186839414,69.83144879341125,69.6399283422328,481.37944865226746,6.818893194198608,0.7255664080186093
65,2.8052327632904053,0.6990476846694946,0.3058949410915375,0.6893507242202759,1.110939383506775,85.44152744630071,85.23695874531197,38.45891578588476,71.15715742111206,70.07363984965238,488.7810215950012,6.9909892082214355,0.7219385759785162
66,2.70003080368042,0.7041826248168945,0.29847827553749084,0.6311408877372742,1.0662291049957275,85.52676440504602,85.57790658029322,37.77702011592227,71.40852212905884,70.0725533075801,497.0474557876587,7.877686262130737,0.7183288830986236
67,2.6598191261291504,0.6946759223937988,0.29037249088287354,0.6292375922203064,1.0455330610275269,85.71428571428571,85.61200136379134,38.10092055915445,69.22122240066528,69.6621075094742,504.61516666412354,7.171888113021851,0.7147372386831305
68,2.651043176651001,0.7345314025878906,0.28818365931510925,0.5760542154312134,1.0522738695144653,85.83361745652915,86.02113876576884,39.46471189907944,70.7632064819336,70.52066865082776,511.9897861480713,6.9864866733551025,0.7111635524897149
69,2.630861520767212,0.7178823947906494,0.3211902678012848,0.5673465728759766,1.0244423151016235,85.44152744630071,85.90180702352541,37.93044664166382,68.47909688949585,69.43821950024645,519.0897068977356,6.707639217376709,0.7076077347272662
70,2.568754196166992,0.7091770172119141,0.28891730308532715,0.6115590333938599,0.9591007232666016,85.73133310603478,85.74838049778384,40.52165018752131,69.28517818450928,70.3216354939623,526.2972939014435,6.824094533920288,0.7040696960536299
71,2.531444549560547,0.7399765253067017,0.27437517046928406,0.5261716842651367,0.9909212589263916,85.57790658029322,86.97579270371632,39.26014319809069,69.53366994857788,70.33687810766953,533.4525368213654,6.762206554412842,0.7005493475733617
72,2.50523042678833,0.7365296483039856,0.288403183221817,0.5567256808280945,0.9235718846321106,85.18581657006477,86.27684964200478,41.11830889873849,68.13156008720398,70.178133799503,540.6321125030518,6.804777145385742,0.697046600835495
73,2.533858299255371,0.7528234124183655,0.28037765622138977,0.4966128170490265,1.004044532775879,85.32219570405728,86.95874531196726,40.40231844527787,69.39219832420349,70.51886444637648,547.8208057880402,6.79110860824585,0.6935613678313175
74,2.5889334678649902,0.7571597099304199,0.3014615476131439,0.5174755454063416,1.0128365755081177,85.42448005455165,86.85646096147289,40.67507671326287,70.67149877548218,70.90687912619241,554.9141943454742,6.699802875518799,0.6900935609921609
75,2.5536043643951416,0.7403934001922607,0.2862630784511566,0.5452018976211548,0.9817459583282471,85.16876917831571,86.63484486873509,41.73201500170474,70.57356834411621,71.02729934821794,562.1841685771942,6.8793861865997314,0.6866430931872001
76,2.561962366104126,0.7207702994346619,0.3232872188091278,0.5596328973770142,0.9582719802856445,84.7255369928401,86.39618138424821,41.80020456870099,70.01597881317139,70.73447543974017,569.5102491378784,6.900494337081909,0.6832098777212641
77,2.504404306411743,0.7418609857559204,0.27716439962387085,0.5458517670631409,0.9395273327827454,85.16876917831571,86.85646096147289,41.85134674394818,69.20766830444336,70.77106129704504,576.7164516448975,6.816018581390381,0.6797938283326578
78,2.442399024963379,0.7277711629867554,0.2707798182964325,0.5311594009399414,0.912688672542572,85.68019093078759,87.24855097170133,41.8854415274463,68.84481906890869,70.91475062471098,583.9631526470184,6.853026866912842,0.6763948591909945
79,2.4462637901306152,0.7267579436302185,0.2615126073360443,0.5434560775756836,0.914537250995636,85.39038527105353,86.3109444255029,41.86839413569724,70.00641226768494,70.89403402498465,591.2812206745148,6.930917024612427,0.6730128848950395
80,2.495159149169922,0.7565396428108215,0.2857801616191864,0.5144778490066528,0.938361644744873,85.56085918854416,86.29389703375384,41.783157176951924,69.91581916809082,70.88843314183518,598.6378426551819,6.953936338424683,0.6696478204705644
81,2.4400978088378906,0.753157913684845,0.27911216020584106,0.4997735023498535,0.9080542325973511,85.98704398227072,86.46437095124446,42.58438458915786,70.02507448196411,71.26521850115928,605.9063127040863,6.871841907501221,0.6662995813682115
82,2.4639697074890137,0.7368912696838379,0.3006252944469452,0.5239956378936768,0.9024574160575867,86.53256051824071,86.83941356972383,42.03886805318786,68.32742094993591,70.93456577277209,613.2232220172882,6.920360803604126,0.6629680834613705
83,2.395479440689087,0.7185126543045044,0.25036561489105225,0.5075740218162537,0.9190270304679871,86.61779747698603,86.87350835322196,42.90828503239004,68.25437545776367,71.16349158009042,621.2296311855316,7.594615697860718,0.6596532430440636
84,2.3437540531158447,0.7185690402984619,0.2704767882823944,0.49608081579208374,0.8586273789405823,86.83941356972383,86.83941356972383,42.75485850664849,69.83655095100403,71.56755914927504,628.6537489891052,6.997274160385132,0.6563549768288433
85,2.415311336517334,0.7190055847167969,0.2615509033203125,0.5280500650405884,0.9067047834396362,86.87350835322196,87.0780770542107,42.61847937265598,68.68293285369873,71.31324940844685,636.0147004127502,6.976551294326782,0.653073201944699
86,2.420599937438965,0.7461309432983398,0.2620740234851837,0.519608199596405,0.8927866220474243,86.65189226048415,86.90760313672008,42.44800545516536,70.01486420631409,71.50559126467091,643.3563318252563,6.948131799697876,0.6498078359349755
87,2.348142623901367,0.7354593276977539,0.23178111016750336,0.44615212082862854,0.9347500801086426,86.44732355949539,87.09512444595977,43.02761677463348,67.64079928398132,71.0527160160175,650.6110274791718,6.864975214004517,0.6465587967553006
88,2.3881335258483887,0.7436254620552063,0.2623315751552582,0.45339235663414,0.9287841320037842,86.22570746675758,87.24855097170133,42.2945789294238,69.9044942855835,71.41833291336656,657.971702337265,6.971604585647583,0.6433260027715241
89,2.2922275066375732,0.7645391225814819,0.25028151273727417,0.4064159095287323,0.8709909915924072,87.00988748721446,87.14626662120696,43.26628025912036,69.29826140403748,71.68017394289481,665.2742309570312,6.9140143394470215,0.6401093727576664
90,2.382925510406494,0.7726115584373474,0.24208486080169678,0.4849547743797302,0.8832741975784302,87.11217183770883,87.02693487896352,43.11285373337879,68.3778166770935,71.40744428178616,672.7208700180054,7.043047666549683,0.6369088258938781
91,2.338855266571045,0.7543057799339294,0.22861142456531525,0.46591076254844666,0.8900272250175476,87.4019774974429,87.19740879645414,44.18683941356972,66.39770865440369,71.29598359046761,679.940301656723,6.840593576431274,0.6337242817644086
92,2.335042715072632,0.74172043800354,0.25745537877082825,0.47769591212272644,0.8581709861755371,87.2144561882032,87.47016706443914,43.16399590862598,68.33140850067139,71.54500691548493,687.2710049152374,6.953786849975586,0.6305556603555866
93,2.3142876625061035,0.7523128390312195,0.26639556884765625,0.4817233681678772,0.813855767250061,86.61779747698603,87.65768837367884,43.53903852710535,68.205726146698,71.50506263111706,694.9597315788269,7.284996747970581,0.6274028820538087
94,2.2995846271514893,0.7402417659759521,0.23716357350349426,0.46079835295677185,0.8613808751106262,87.12921922945789,87.47016706443914,44.91987725877941,69.47258710861206,72.24796266532213,702.3688871860504,7.002174377441406,0.6242658676435396
95,2.3185737133026123,0.7390761375427246,0.2405761033296585,0.46245667338371277,0.8764647841453552,87.14626662120696,87.86225707466757,44.16979202182066,68.64274144172668,71.95526428985546,709.7255840301514,6.953818321228027,0.6211445383053219
96,2.2467429637908936,0.7429366111755371,0.23791007697582245,0.44200363755226135,0.8238925337791443,86.9928400954654,88.01568360040913,45.39720422775315,68.89522075653076,72.32523717003961,717.0184757709503,6.91489315032959,0.6180388156137953
97,2.3227920532226562,0.7523325085639954,0.24809697270393372,0.4545397162437439,0.8678230047225952,86.87350835322196,87.60654619843164,45.24377770201159,67.78004169464111,71.87596848707658,724.2381539344788,6.828762054443359,0.6149486215357263
98,2.2202200889587402,0.7469761371612549,0.2449566274881363,0.3747614324092865,0.8535259962081909,87.23150357995226,87.8963518581657,45.03920900102285,68.28610897064209,72.11329335244572,731.5962154865265,6.939385652542114,0.6118738784280476
99,2.3176488876342773,0.7492228746414185,0.24104581773281097,0.46150699257850647,0.8658730983734131,87.38493010569383,87.41902488919196,45.07330378452097,69.43749785423279,72.32868915840989,738.9040491580963,6.923101186752319,0.6088145090359074
100,2.3298428058624268,0.7743179798126221,0.25230416655540466,0.46088558435440063,0.842335045337677,87.28264575519945,87.94749403341288,45.82338902147971,67.9696798324585,72.25580216063764,746.8725693225861,7.583340644836426,0.6057704364907278
101,2.267958641052246,0.7528093457221985,0.22934013605117798,0.47517746686935425,0.8106317520141602,87.55540402318445,87.45311967269008,46.420047732696894,67.83155798912048,72.31503235442298,754.06383061409,6.795592308044434,0.6027415843082742
102,2.219294786453247,0.7709280848503113,0.22598351538181305,0.4207790195941925,0.801604151725769,86.78827139447665,87.41902488919196,45.704057279236274,68.14289093017578,72.01356112327016,761.2813885211945,6.842519283294678,0.5997278763867329
103,2.226388454437256,0.7615473866462708,0.24361930787563324,0.41532450914382935,0.8058971762657166,87.04398227071259,88.35663143539038,46.67575860893283,68.12024116516113,72.54915337004924,768.6423230171204,6.950691223144531,0.5967292370047992
104,2.2191638946533203,0.752300500869751,0.2171829789876938,0.4137580692768097,0.8359224796295166,87.55540402318445,88.08387316740539,46.743948175929084,67.72230267524719,72.52638201044152,775.9172129631042,6.8885579109191895,0.5937455908197752
105,2.2575883865356445,0.7794598937034607,0.22710959613323212,0.40905576944351196,0.841962993144989,87.14626662120696,88.15206273440164,45.65291510398909,69.01068687438965,72.49048283349684,783.2044432163239,6.8936448097229,0.5907768628656763
106,2.1809794902801514,0.7755888104438782,0.21129345893859863,0.3788057565689087,0.8152913451194763,87.91339924991476,88.3907262188885,47.118990794408454,68.97672414779663,73.09996010275209,790.5500280857086,6.920770883560181,0.5878229785513479
107,2.1233789920806885,0.7406557202339172,0.20024162530899048,0.4153907299041748,0.7670909762382507,87.72587794067508,88.3907262188885,46.09614728946471,69.00447010993958,72.80430538974197,797.8269822597504,6.883304834365845,0.5848838636585911
108,2.1242947578430176,0.7521559596061707,0.2013116329908371,0.443771630525589,0.7270554304122925,87.2144561882032,88.15206273440164,47.37470167064439,68.74066591262817,72.87047162646935,805.1441683769226,6.923446178436279,0.5819594443402982
109,2.2151989936828613,0.7394196391105652,0.21805153787136078,0.481816828250885,0.7759110331535339,87.69178315717696,87.98158881691101,47.01670644391408,67.19868183135986,72.47219006234047,812.5193471908569,6.942436456680298,0.5790496471185967
110,2.2483553886413574,0.7427810430526733,0.24394230544567108,0.4762246906757355,0.7854074239730835,87.41902488919196,88.01568360040913,47.084896010910334,69.67466473579407,73.04856730907638,819.79816365242,6.890638828277588,0.5761543988830038
111,2.210325241088867,0.7584899663925171,0.22384800016880035,0.4515923857688904,0.776394784450531,86.80531878622571,88.33958404364132,46.948516876917836,70.24868726730347,73.0855267435221,826.9793500900269,6.793804407119751,0.5732736268885887
112,2.175492286682129,0.7539775967597961,0.22989431023597717,0.39634817838668823,0.7952721118927002,87.28264575519945,88.45891578588476,47.101943402659394,69.21499967575073,73.01462615487358,834.299060344696,6.932152032852173,0.5704072587541458
113,2.151313304901123,0.7822136878967285,0.20274432003498077,0.3917354941368103,0.7746196985244751,87.43607228094102,88.56120013637914,48.22707125809751,69.05822157859802,73.32064131350393,841.6074287891388,6.907308101654053,0.567555222460375
114,2.231156826019287,0.7812474966049194,0.22894521057605743,0.4072690010070801,0.8136951327323914,87.06102966246164,88.01568360040913,47.61336515513126,69.0786361694336,72.9421786468589,848.9348678588867,6.934263229370117,0.5647174463480732
115,2.163790702819824,0.7572197318077087,0.22079519927501678,0.38548514246940613,0.8002905249595642,87.6747357654279,88.15206273440164,47.664507330378456,68.95917654037476,73.11262059264568,856.1784980297089,6.85911750793457,0.5618938591163328
116,2.143650531768799,0.7453263998031616,0.2179257720708847,0.4006139934062958,0.7797844409942627,87.99863620866007,88.3907262188885,48.24411864984658,68.68069767951965,73.3285446892287,863.575432062149,6.965431213378906,0.5590843898207511
117,2.185086965560913,0.7506827116012573,0.23782102763652802,0.44531139731407166,0.7512717843055725,87.65768837367884,88.22025230139788,48.397545175588135,68.47974061965942,73.18880661758106,871.5985579490662,7.628020524978638,0.5562889678716474
118,2.1806888580322266,0.7561377882957458,0.23492160439491272,0.41079914569854736,0.7788302302360535,88.59529491987726,88.3907262188885,47.40879645414252,68.06250214576721,73.11432993466887,878.9342858791351,6.938607692718506,0.5535075230322891
119,2.1716833114624023,0.7901551723480225,0.21795089542865753,0.3966352045536041,0.7669420838356018,88.32253665189226,88.27139447664507,48.46573474258438,67.13472604751587,73.0485979796594,886.2248651981354,6.90069580078125,0.5507399854171277
120,2.1683249473571777,0.7734299898147583,0.21373383700847626,0.39126741886138916,0.7898935079574585,88.18615751789977,88.32253665189226,47.06784861916127,68.2034969329834,72.94500993048418,894.3758158683777,7.7390358448028564,0.547986285490042
121,2.1734633445739746,0.806912362575531,0.20701251924037933,0.4336618185043335,0.7258766889572144,88.95329014660757,88.47596317763382,48.29526082509376,68.65805387496948,73.59564200607616,901.7770166397095,6.982717990875244,0.5452463540625918
122,2.1657233238220215,0.7886196970939636,0.2163611352443695,0.43815815448760986,0.7225842475891113,87.98158881691101,88.33958404364132,48.67030344357313,68.16728711128235,73.28969085385197,908.9548149108887,6.782885789871216,0.5425201222922789
123,2.179734706878662,0.7864883542060852,0.2122630625963211,0.4421228766441345,0.7388604283332825,88.18615751789977,88.56120013637914,48.0054551653597,69.60959434509277,73.59060179118285,916.3949646949768,7.038607358932495,0.5398075216808175
124,2.119626522064209,0.8081585764884949,0.21395790576934814,0.3860696256160736,0.7114403247833252,88.22025230139788,88.59529491987726,49.02829867030344,67.63569712638855,73.36988575449178,923.8480672836304,7.045967102050781,0.5371084840724134
125,2.150585412979126,0.7994176149368286,0.2208472490310669,0.3930519223213196,0.7372686266899109,88.0327309921582,88.74872144561881,49.16467780429594,67.3923134803772,73.33461093061253,931.2535848617554,7.020936489105225,0.5344229416520513
126,2.106081485748291,0.7773013114929199,0.20909008383750916,0.37725210189819336,0.7424379587173462,88.62938970337538,88.95329014660757,48.58506648482782,68.50573420524597,73.66837013501419,938.5218498706818,6.846743822097778,0.531750826943791
127,2.085460662841797,0.7686898708343506,0.21506957709789276,0.374498188495636,0.7272030115127563,88.64643709512444,88.45891578588476,48.96010910330719,67.8932785987854,73.48968514577545,945.9380340576172,7.030380964279175,0.5290920728090721
128,2.0880637168884277,0.8000922799110413,0.21408630907535553,0.37233224511146545,0.7015529274940491,88.799863620866,88.61234231162632,49.19877258779407,68.6880350112915,73.82475338289449,953.2806437015533,6.950259685516357,0.5264466124450268
129,2.1122100353240967,0.7764531970024109,0.22409294545650482,0.39285629987716675,0.7188077569007874,88.85100579611318,88.73167405386975,49.52267303102625,68.63253116607666,73.93447101177146,960.5529987812042,6.867150545120239,0.5238143793828016
130,2.1498241424560547,0.7856016159057617,0.2125231772661209,0.41905978322029114,0.7326394319534302,88.73167405386975,88.69757927037163,49.727241732015,69.60959434509277,74.1915223503373,967.8829436302185,6.940548419952393,0.5211953074858876
131,2.0796689987182617,0.7814587354660034,0.21409271657466888,0.3934968113899231,0.6906207799911499,88.47596317763382,88.85100579611318,50.17047391749062,67.36854314804077,73.7164965098196,975.0719475746155,6.7958900928497314,0.5185893309484582
132,2.102067470550537,0.7751802802085876,0.20146483182907104,0.43638789653778076,0.6890345811843872,88.10092055915445,88.59529491987726,50.068189566996246,67.60571002960205,73.5925287689075,982.4739844799042,7.006011724472046,0.5159963842937159
133,2.094231128692627,0.7701075673103333,0.23614074289798737,0.4002941846847534,0.6876885890960693,87.47016706443914,88.74872144561881,49.88066825775656,69.17034387588501,73.81747516092489,989.7129409313202,6.848214626312256,0.5134164023722473
134,2.1030805110931396,0.7785080671310425,0.2079637348651886,0.4251531958580017,0.6914556622505188,88.25434708489601,88.81691101261508,50.10228435049437,67.06056594848633,73.55852709912294,997.7917804718018,7.684175252914429,0.510849320360386
135,2.1645936965942383,0.781069815158844,0.2258724570274353,0.4707931876182556,0.686858057975769,87.81111489942039,88.33958404364132,48.6873508353222,67.0985221862793,72.9841429911658,1005.0240333080292,6.8365418910980225,0.5082950737585841
136,2.1767148971557617,0.7704013586044312,0.21667098999023438,0.48613134026527405,0.7035113573074341,88.22025230139788,88.47596317763382,49.74428912376406,66.92020893096924,73.34017838344124,1012.2815911769867,6.87700629234314,0.5057535983897912
137,2.116708755493164,0.7779756188392639,0.20694699883460999,0.41287094354629517,0.7189152240753174,88.10092055915445,88.47596317763382,50.11933174224343,68.09025406837463,73.69661738685159,1019.7049512863159,7.0100390911102295,0.5032248303978422
138,2.112694263458252,0.784106433391571,0.21909144520759583,0.38916951417922974,0.7203267812728882,88.33958404364132,88.83395840436414,50.289805659734064,68.37048530578613,73.95845835338142,1026.8848550319672,6.782914161682129,0.500708706245853
139,2.0787038803100586,0.7860739231109619,0.22434787452220917,0.37580445408821106,0.6924775838851929,88.68053187862257,88.64643709512444,50.95465393794749,68.81371736526489,74.27383506923985,1034.1680490970612,6.887544393539429,0.5
140,2.0856661796569824,0.7727997303009033,0.21540802717208862,0.40502604842185974,0.6924324035644531,88.06682577565633,88.54415274463007,51.244459597681555,68.08515191078186,73.98514750718745,1041.5659704208374,6.956004858016968,0.5
141,2.121711492538452,0.7896727919578552,0.22242288291454315,0.3807162642478943,0.7288994789123535,88.22025230139788,88.83395840436414,50.76713262870781,69.66334581375122,74.37117228705526,1048.8096828460693,6.853271007537842,0.5
142,2.0549798011779785,0.7721765637397766,0.19861267507076263,0.3942795693874359,0.6899110674858093,87.86225707466757,88.64643709512444,50.903511762700305,68.47176551818848,73.9709928626702,1056.1707022190094,6.954498767852783,0.5
143,2.029613971710205,0.7809205055236816,0.20917657017707825,0.3546215295791626,0.684895396232605,87.87930446641664,89.03852710535288,51.05693828844187,67.70252585411072,73.91932392858052,1063.992594242096,7.3956427574157715,0.5
144,2.0487406253814697,0.780958354473114,0.20328082144260406,0.3344532251358032,0.7300481796264648,88.08387316740539,88.90214797136038,50.61370610296625,66.70904159545898,73.57719220929775,1071.450798034668,7.049221754074097,0.5
145,2.090456485748291,0.7861427068710327,0.20229168236255646,0.34027886390686035,0.761743426322937,88.20320490964882,88.83395840436414,50.528469144220935,66.96773767471313,73.63334253323676,1078.8671119213104,7.011240482330322,0.5
146,2.0981051921844482,0.7843546867370605,0.20523743331432343,0.3637986481189728,0.7447144389152527,88.66348448687351,88.59529491987726,49.573815206273444,69.51054334640503,74.0857844898573,1086.1878435611725,6.940325021743774,0.5
147,2.0648703575134277,0.7921937108039856,0.20128728449344635,0.3650549352169037,0.7063343524932861,88.40777361063758,88.98738493010569,51.75588135015343,67.26439595222473,74.10385896078036,1093.5780799388885,6.963940143585205,0.5
148,2.0974299907684326,0.7654659748077393,0.215236634016037,0.4322059154510498,0.6845214366912842,88.83395840436414,88.69757927037163,52.42072962836686,68.205726146698,74.53949836245015,1100.8576028347015,6.884548902511597,0.5
149,2.089160919189453,0.7877253293991089,0.20387151837348938,0.42573538422584534,0.6718287467956543,88.15206273440164,88.97033753835663,51.68769178315718,65.66579341888428,73.61897136869993,1108.3414006233215,7.0857017040252686,0.5
150,2.0741758346557617,0.7825101017951965,0.19623160362243652,0.4427623748779297,0.652671754360199,88.68053187862257,89.17490623934538,51.1762700306853,66.33263230323792,73.84108511297279,1115.6915233135223,6.957967281341553,0.5
151,2.039611577987671,0.8074760437011719,0.20593057572841644,0.37068015336990356,0.6555247902870178,88.62938970337538,89.07262188885102,52.18206614387999,67.17268228530884,74.2641900053538,1123.6523888111115,7.56378698348999,0.5
152,2.0341482162475586,0.812574028968811,0.1856572926044464,0.34257328510284424,0.6933437585830688,88.3907262188885,89.27719058983975,50.98874872144562,67.3005998134613,73.9893163359088,1131.0353784561157,6.990118741989136,0.5
153,2.087385892868042,0.8356927037239075,0.19575995206832886,0.3510766923427582,0.7048565149307251,88.1691101261507,89.10671667234912,50.664848278213434,66.99771881103516,73.7345984719371,1138.4740145206451,7.050556421279907,0.5
154,2.126549243927002,0.8250166177749634,0.20598962903022766,0.4051000773906708,0.6904429197311401,88.22025230139788,89.29423798158882,51.466075690419366,67.80667304992676,74.1968097558332,1145.7222785949707,6.851703405380249,0.5
155,1.9918956756591797,0.7897363305091858,0.1951482594013214,0.36597493290901184,0.6410361528396606,88.64643709512444,88.88510057961132,50.76713262870781,67.71098375320435,74.00241351416199,1152.9833400249481,6.861316919326782,0.5
156,2.0292646884918213,0.7667582035064697,0.21288399398326874,0.40755367279052734,0.6420688629150391,88.40777361063758,88.85100579611318,51.261506989430615,67.99631118774414,74.12914939598139,1160.227425813675,6.847900629043579,0.5
157,2.0097782611846924,0.761370062828064,0.2025597095489502,0.4123704135417938,0.633478045463562,88.68053187862257,89.22604841459257,51.43198090692124,67.58195161819458,74.23012820458274,1167.601501941681,6.961015224456787,0.5
158,2.028590679168701,0.7776864767074585,0.20930954813957214,0.36224332451820374,0.6793514490127563,88.51005796113195,89.19195363109445,51.32969655642686,67.73251295089722,74.19105527488762,1174.8691103458405,6.880029678344727,0.5
159,2.00693678855896,0.7790534496307373,0.1965726912021637,0.36145147681236267,0.6698592305183411,88.5782475281282,88.83395840436414,51.75588135015343,66.74587726593018,73.97849113714399,1182.1396570205688,6.8800225257873535,0.5
160,2.0326569080352783,0.8098727464675903,0.20024724304676056,0.3487585186958313,0.6737783551216125,88.74872144561881,88.73167405386975,51.824070917149676,67.18512773513794,74.12239853794405,1189.4346363544464,6.86878776550293,0.5
161,2.018028974533081,0.813993513584137,0.2028161734342575,0.3055332899093628,0.6956860423088074,88.51005796113195,88.98738493010569,51.244459597681555,66.63997769355774,73.84547004561924,1196.7097580432892,6.8684821128845215,0.5
162,2.0090315341949463,0.7956026196479797,0.1911506950855255,0.3462938666343689,0.6759844422340393,89.27719058983975,89.26014319809069,52.57415615410842,64.96274471282959,74.01855866371712,1203.9280893802643,6.82455587387085,0.5
163,1.9980813264846802,0.7862770557403564,0.19402389228343964,0.33241063356399536,0.6853697299957275,88.56120013637914,89.07262188885102,52.33549266962155,67.04589128494263,74.25380149494858,1211.2398345470428,6.925409317016602,0.5
164,2.0264604091644287,0.7835140824317932,0.20389463007450104,0.3990062177181244,0.6400455236434937,88.95329014660757,88.74872144561881,51.80702352540061,66.26468896865845,73.94343102157136,1218.616147518158,6.961515426635742,0.5
165,2.0274252891540527,0.7843995094299316,0.20423652231693268,0.40845808386802673,0.6303311586380005,88.81691101261508,89.19195363109445,52.216160927378105,66.2409245967865,74.11648754196854,1226.363478899002,7.355767250061035,0.5
166,1.9497995376586914,0.7786408066749573,0.18508855998516083,0.369762659072876,0.6163074970245361,88.90214797136038,89.07262188885102,53.136720081827484,67.83155798912048,74.73576198278984,1233.7694182395935,7.006364345550537,0.5
167,2.0448265075683594,0.793184220790863,0.1950882524251938,0.4059642255306244,0.6505899429321289,88.56120013637914,89.51585407432663,52.693487896351854,66.36149883270264,74.28301023494006,1241.0461683273315,6.865189075469971,0.5
168,2.022488594055176,0.8041421175003052,0.19018970429897308,0.3822246491909027,0.6459321975708008,89.12376406409818,89.26014319809069,52.77872485509717,67.33457446098328,74.62430164456734,1249.043272972107,7.608980417251587,0.5
169,1.9584524631500244,0.7875569462776184,0.17800366878509521,0.36546602845191956,0.6274257898330688,89.17490623934538,89.17490623934538,53.0855779065803,66.60776138305664,74.51078794208192,1256.3701179027557,6.9325339794158936,0.5
170,1.9767653942108154,0.7870066165924072,0.19271525740623474,0.38840898871421814,0.6086344122886658,89.29423798158882,88.97033753835663,54.1254688032731,66.01221561431885,74.60056498438435,1263.7710032463074,7.015151500701904,0.5
171,2.0441231727600098,0.8168642520904541,0.18771055340766907,0.3760717809200287,0.6634765267372131,89.66928060006819,89.32833276508694,52.84691442209342,67.10362434387207,74.73703803278016,1271.0712893009186,6.904060125350952,0.5
172,1.9780601263046265,0.7957338690757751,0.1802777498960495,0.3728504478931427,0.6291980743408203,89.07262188885102,88.97033753835663,53.35833617456529,68.07892918586731,74.87005619691006,1278.3710632324219,6.9117913246154785,0.5
173,2.026508331298828,0.8390638828277588,0.1928153932094574,0.3430301547050476,0.6515988707542419,89.36242754858506,89.29423798158882,53.83566314353904,65.82145690917969,74.57844639572315,1285.633493900299,6.852628469467163,0.5
174,2.006180763244629,0.8337916731834412,0.19086235761642456,0.32200610637664795,0.6595206260681152,89.15785884759632,89.08966928060008,52.693487896351854,67.61703491210938,74.6395127341644,1292.8840136528015,6.869919061660767,0.5
175,1.9875812530517578,0.7955570816993713,0.19640932977199554,0.3378608524799347,0.6577539443969727,89.10671667234912,89.20900102284351,53.631094442550285,68.00141334533691,74.98705637076995,1300.218062877655,6.939948081970215,0.5
176,1.9614288806915283,0.7977150678634644,0.18705596029758453,0.3332075774669647,0.6434502005577087,88.83395840436414,89.49880668257757,53.20490964882373,66.26867651939392,74.45158781378983,1307.5638732910156,6.932906866073608,0.5
177,1.966407060623169,0.7916877269744873,0.17650339007377625,0.35768264532089233,0.6405332684516907,89.00443232185475,89.24309580634163,53.52881009205591,66.37170910835266,74.53701183215124,1314.7926456928253,6.828449964523315,0.5
178,1.9953041076660156,0.7767956256866455,0.18940775096416473,0.39281684160232544,0.6362839341163635,88.74872144561881,88.97033753835663,53.64814183429936,67.1149492263794,74.62053751116355,1322.0191519260406,6.837557315826416,0.5
179,1.938328742980957,0.7649363875389099,0.1764879822731018,0.3779134750366211,0.6189908981323242,88.5782475281282,89.20900102284351,52.60825093760655,66.81270599365234,74.30205137055765,1329.2820889949799,6.875586271286011,0.5
180,1.958479881286621,0.8102228045463562,0.17696382105350494,0.3293333053588867,0.6419599652290344,88.95329014660757,89.56699624957382,54.22775315376748,66.2873387336731,74.7588445709055,1336.591225862503,6.903727293014526,0.5
181,1.9820425510406494,0.802023708820343,0.1770479828119278,0.36761051416397095,0.6353603601455688,88.54415274463007,89.20900102284351,53.733378793044665,66.05017185211182,74.3841761031575,1343.9712357521057,6.989879131317139,0.5
182,1.967106819152832,0.8054298162460327,0.17651326954364777,0.32844212651252747,0.6567215919494629,88.37367882713944,89.15785884759632,54.34708489601091,66.21716022491455,74.52394569891531,1351.253154039383,6.891768455505371,0.5
183,2.0133562088012695,0.8172131776809692,0.18585564196109772,0.3452852666378021,0.6650021076202393,89.14081145584726,89.32833276508694,54.807364473235594,67.65213012695312,75.23215970528074,1358.542545080185,6.882702589035034,0.5
184,1.9661009311676025,0.793788731098175,0.18011681735515594,0.31955447793006897,0.672640860080719,88.86805318786226,89.60109103307194,52.72758267984998,66.86757802963257,74.51607623260419,1365.8094000816345,6.873843193054199,0.5
185,2.0246973037719727,0.7835453748703003,0.19326859712600708,0.3939290940761566,0.6539543271064758,89.07262188885102,89.03852710535288,53.18786225707467,66.8624758720398,74.54037178082959,1373.8431196212769,7.640851259231567,0.5
186,2.0196762084960938,0.8035368919372559,0.18989619612693787,0.42262592911720276,0.6036173105239868,89.41356972383225,89.31128537333788,53.68223661779747,65.14105796813965,74.3870374207768,1381.1663031578064,6.935142517089844,0.5
187,1.975600004196167,0.7953755259513855,0.1942102462053299,0.3968721330165863,0.5891420841217041,88.85100579611318,89.15785884759632,53.596999659052166,66.82626605033875,74.60803258827511,1388.4994480609894,6.898590087890625,0.5
188,2.0037214756011963,0.810775101184845,0.1812637746334076,0.37226906418800354,0.6394135355949402,89.41356972383225,89.26014319809069,55.14831230821684,67.25195646286011,75.26849542324999,1395.858055114746,6.9676995277404785,0.5
189,1.9655547142028809,0.8034571409225464,0.17661795020103455,0.3432444930076599,0.6422349810600281,89.43061711558131,89.43061711558131,54.36413228775997,67.43138432502747,75.16418771098752,1403.2194845676422,6.96540093421936,0.5
190,1.977273941040039,0.8240986466407776,0.18347467482089996,0.3191520869731903,0.6505484580993652,89.10671667234912,89.32833276508694,53.97204227753154,66.91398620605469,74.83026948025557,1410.6490337848663,7.0141026973724365,0.5
191,1.928804636001587,0.8296952247619629,0.16619104146957397,0.30584779381752014,0.6270704865455627,89.44766450733039,89.56699624957382,54.534606205250604,65.10596871376038,74.66380891897879,1417.9313480854034,6.894869327545166,0.5
192,1.986982822418213,0.8394190669059753,0.19174601137638092,0.3301849365234375,0.6256328225135803,89.10671667234912,89.32833276508694,54.31299011251278,65.99864959716797,74.68667228677921,1425.3394269943237,7.005004405975342,0.5
193,1.9035204648971558,0.7898634672164917,0.17918889224529266,0.36134177446365356,0.5731263160705566,89.10671667234912,89.14081145584726,53.852710535288104,66.82850122451782,74.73218497200058,1432.7285540103912,6.995359182357788,0.5
194,1.9189237356185913,0.7756347060203552,0.18003632128238678,0.40512800216674805,0.5581246614456177,89.03852710535288,89.27719058983975,55.45516535969996,67.50666499137878,75.31938701156784,1440.2025663852692,7.078244924545288,0.5
195,1.9592878818511963,0.7777173519134521,0.17131178081035614,0.4541670083999634,0.5560917854309082,88.7146266621207,88.90214797136038,55.77906580293215,67.16758608818054,75.14085663114844,1447.5868337154388,6.967998504638672,0.5
196,1.917032241821289,0.800501823425293,0.16322100162506104,0.3751765489578247,0.5781328082084656,89.24309580634163,89.17490623934538,54.96079099897716,65.55541753768921,74.73355264558835,1455.3747746944427,7.27689528465271,0.5
197,1.90500807762146,0.787257194519043,0.17128075659275055,0.3665419816970825,0.5799281001091003,89.19195363109445,89.02147971360382,55.36992840095465,67.6283597946167,75.3029303850674,1462.7431766986847,6.971970081329346,0.5
198,1.864424467086792,0.793634831905365,0.16250546276569366,0.3262529969215393,0.5820313096046448,89.36242754858506,89.14081145584726,55.2165018752131,67.44781732559204,75.29188955130937,1470.3541796207428,7.218181133270264,0.5
199,1.9563775062561035,0.801596462726593,0.1849367320537567,0.3259989023208618,0.6438454985618591,89.44766450733039,89.29423798158882,54.688032730992155,66.97061061859131,75.10013645962566,1477.7554688453674,6.997001647949219,0.5
200,1.9031622409820557,0.8050662875175476,0.1694335639476776,0.30990952253341675,0.6187528967857361,89.32833276508694,89.32833276508694,55.59154449369247,67.33457446098328,75.39569612121241,1485.0568861961365,6.898283243179321,0.5
201,1.9459410905838013,0.8353539705276489,0.16746079921722412,0.3177092969417572,0.6254169940948486,89.78861234231162,89.49880668257757,55.267644050460284,66.0059928894043,75.14026399118845,1492.4782121181488,7.039841651916504,0.5
202,1.9003291130065918,0.8280277848243713,0.16585689783096313,0.30824553966522217,0.5981988906860352,89.58404364132288,89.49880668257757,54.34708489601091,67.44892597198486,75.21971529797405,1500.486303806305,7.604964256286621,0.5
203,1.9199695587158203,0.7965795397758484,0.16128197312355042,0.3384871482849121,0.6236208081245422,89.37947494033412,89.53290146607569,55.19945448346403,65.83166122436523,74.98587302855977,1507.7430925369263,6.866913318634033,0.5
204,1.8895490169525146,0.7950509786605835,0.16528815031051636,0.3569973111152649,0.5722125768661499,89.14081145584726,89.37947494033412,55.35288100920559,65.73485136032104,74.90200469142701,1514.9219496250153,6.789583206176758,0.5
205,1.9049278497695923,0.7826241254806519,0.17456340789794922,0.35063081979751587,0.5971094369888306,89.05557449710194,89.31128537333788,55.18240709171497,66.31397008895874,74.96580926277838,1522.157154560089,6.832653284072876,0.5
206,1.9244874715805054,0.7877172827720642,0.17167909443378448,0.3818565607070923,0.5832345485687256,89.17490623934538,89.17490623934538,55.421070576201835,67.00059175491333,75.19286870245148,1529.504263162613,6.92011570930481,0.5
207,1.9317744970321655,0.795997142791748,0.17621664702892303,0.37800416350364685,0.5815565586090088,89.24309580634163,89.08966928060008,55.43811796795091,66.4407730102539,75.05291401628662,1536.7134339809418,6.819061040878296,0.5
208,1.8714128732681274,0.7871749401092529,0.16594251990318298,0.3375675678253174,0.5807278156280518,88.66348448687351,89.53290146607569,56.000681895669956,67.18400716781616,75.34526875410883,1543.8771796226501,6.780110120773315,0.5
209,1.886009931564331,0.7794203162193298,0.1617574691772461,0.344164103269577,0.6006680130958557,89.07262188885102,89.24309580634163,54.3982270712581,67.75292158126831,75.11671658692977,1551.1234319210052,6.849366188049316,0.5
210,1.888188123703003,0.7673019170761108,0.164755716919899,0.3608058989048004,0.5953246355056763,89.10671667234912,89.00443232185475,54.79031708148653,66.13565683364868,74.75928072733478,1558.474851846695,6.931212902069092,0.5
211,1.8785114288330078,0.7862238883972168,0.1595485359430313,0.35229507088661194,0.5804440379142761,89.44766450733039,89.44766450733039,54.108421411524034,66.56246185302734,74.89155306980304,1565.5520238876343,6.679089784622192,0.5
212,1.8751364946365356,0.7669919729232788,0.15242280066013336,0.37278568744659424,0.5829360485076904,89.44766450733039,89.20900102284351,55.64268666893965,69.28980350494385,75.89728892601435,1572.7027769088745,6.77537989616394,0.5
213,1.8741037845611572,0.7853996157646179,0.15195320546627045,0.3734445869922638,0.5633063316345215,89.78861234231162,89.36242754858506,55.81316058643028,67.55818128585815,75.63059544079628,1579.8441264629364,6.7467734813690186,0.5
214,1.8606884479522705,0.7722868919372559,0.1421116292476654,0.370680034160614,0.5756098628044128,90.2488919195363,89.46471189907945,55.847255369928405,66.02864265441895,75.39737546074076,1586.9969446659088,6.761660814285278,0.5
215,1.871687412261963,0.7847503423690796,0.15619811415672302,0.35855525732040405,0.5721836090087891,90.23184452778725,89.56699624957382,56.239345380156834,66.15208387374878,75.54756750781667,1594.2202677726746,6.827183246612549,0.5
216,1.8511357307434082,0.7796087861061096,0.17214585840702057,0.33088696002960205,0.5684940814971924,89.83975451755882,89.82270712580976,56.682577565632464,67.22643375396729,75.89286824074209,1601.4828255176544,6.840591907501221,0.5
217,1.880448341369629,0.7832674384117126,0.14995642006397247,0.36267268657684326,0.5845518112182617,89.63518581657006,89.72042277531538,55.64268666893965,66.02018475532532,75.2546200040376,1608.7240567207336,6.849224328994751,0.5
218,1.9349451065063477,0.7911502718925476,0.16782911121845245,0.3548652231693268,0.6211004853248596,89.3965223320832,89.68632799181725,56.51210364814183,65.92448949813843,75.37986086754518,1616.075024843216,6.959264039993286,0.5
219,1.9510807991027832,0.8112369775772095,0.15406298637390137,0.33778116106987,0.64799964427948,89.60109103307194,89.66928060006819,55.72792362768496,67.07476377487183,75.51826475892423,1624.0977869033813,7.628846168518066,0.5
220,1.9187774658203125,0.8221466541290283,0.16514985263347626,0.3254787027835846,0.6060022115707397,89.15785884759632,89.78861234231162,56.358677122400266,65.03690481185913,75.08551328104184,1631.411787033081,6.926417827606201,0.5
221,1.9096896648406982,0.8150719404220581,0.1592966467142105,0.3404145836830139,0.5949066281318665,90.01022843504943,89.41356972383225,57.10876235935902,65.61204195022583,75.53615061711663,1639.1880173683167,7.3329737186431885,0.5
222,1.8836143016815186,0.8140202164649963,0.16065701842308044,0.3441576063632965,0.5647795796394348,89.85680190930788,89.63518581657006,57.36447323559496,65.49034714698792,75.58670202711521,1646.442722082138,6.835937738418579,0.5
223,1.8744690418243408,0.7961061596870422,0.15016591548919678,0.3792068064212799,0.5489901900291443,89.85680190930788,89.3965223320832,58.029321513808384,67.23042130470276,76.12826676497555,1653.6619210243225,6.816068172454834,0.5
224,1.8689823150634766,0.7940607666969299,0.166024312376976,0.35421112179756165,0.5546860098838806,89.53290146607569,89.54994885782476,57.279236276849645,66.03262424468994,75.59867771136001,1660.7854943275452,6.744728088378906,0.5
225,1.8875435590744019,0.810685932636261,0.15137693285942078,0.3800888955593109,0.5453917980194092,89.66928060006819,89.29423798158882,56.921241050119335,67.70762801170349,75.89809691086997,1667.9852344989777,6.802321910858154,0.5
226,1.8012278079986572,0.7664369344711304,0.15341442823410034,0.3296821415424347,0.5516942143440247,90.16365496079099,89.56699624957382,56.73371974087964,65.64090847969055,75.52631985773375,1675.1236553192139,6.74881911277771,0.5
227,1.8598054647445679,0.7908331751823425,0.14410868287086487,0.33937230706214905,0.5854912996292114,89.68632799181725,89.14081145584726,55.847255369928405,66.70680642127991,75.3453003097182,1682.9638378620148,7.429447650909424,0.5
228,1.8573955297470093,0.7975557446479797,0.15163405239582062,0.3331349790096283,0.5750707387924194,89.890896692806,89.36242754858506,56.71667234913058,67.35610365867615,75.83152506229945,1690.4406428337097,7.084007740020752,0.5
229,1.8540129661560059,0.7950556874275208,0.14859481155872345,0.3438967168331146,0.5664657950401306,90.33412887828163,89.46471189907945,57.89294237981589,68.11577081680298,76.45188849349498,1697.8845081329346,7.050433397293091,0.5
230,1.8567571640014648,0.812832772731781,0.1484951227903366,0.32297247648239136,0.5724567770957947,90.09546539379475,89.58404364132288,57.483804977838396,65.55031538009644,75.67840734826311,1705.277545928955,7.015190601348877,0.5
231,1.8526782989501953,0.8051372766494751,0.13690844178199768,0.34157803654670715,0.5690545439720154,90.18070235254007,89.56699624957382,58.08046368905557,65.46881198883057,75.82424357000001,1712.6756598949432,6.989892959594727,0.5
232,1.8721246719360352,0.8038179278373718,0.14510880410671234,0.3558364510536194,0.5673615336418152,89.95908625980225,89.3965223320832,56.87009887487214,66.03661775588989,75.56558130566187,1720.2707545757294,7.205218553543091,0.5
233,1.8459317684173584,0.8017824292182922,0.13696417212486267,0.3290601968765259,0.578125,90.18070235254007,89.65223320831913,57.33037845209683,65.78525304794312,75.73714176522479,1728.5527756214142,7.8823816776275635,0.5
234,1.8472859859466553,0.8041817545890808,0.14771535992622375,0.339534729719162,0.5558540225028992,90.31708148653256,89.65223320831913,58.387316740538694,65.20389914512634,75.89013264512919,1739.410903930664,10.45480489730835,0.5
235,1.8217878341674805,0.7927418351173401,0.13837391138076782,0.33107706904411316,0.5595949292182922,90.74326628025912,89.32833276508694,58.08046368905557,67.01079607009888,76.29071470112511,1747.3952593803406,7.599637508392334,0.5
236,1.817508339881897,0.7792986631393433,0.14831967651844025,0.32505688071250916,0.5648331642150879,89.68632799181725,89.54994885782476,58.148653256051816,66.73567295074463,76.03015076410962,1754.9972999095917,7.181296348571777,0.5
237,1.8599131107330322,0.77291339635849,0.1540774703025818,0.36051103472709656,0.5724111795425415,89.345380156836,89.65223320831913,55.93249232867371,66.79341197013855,75.43087941599185,1762.2805290222168,6.894191026687622,0.5
238,1.788877010345459,0.7833455204963684,0.1482492983341217,0.31651771068573,0.5407643914222717,89.44766450733039,89.65223320831913,56.921241050119335,66.10790491104126,75.53226091920253,1769.7884521484375,7.112963914871216,0.5
239,1.818537712097168,0.774678647518158,0.14050497114658356,0.3431098461151123,0.5602443814277649,89.54994885782476,89.4817592908285,58.26798499829526,67.12627410888672,76.10649181395881,1777.4640338420868,7.2784645557403564,0.5
240,1.873013973236084,0.7722699046134949,0.15385489165782928,0.3534753620624542,0.593413770198822,89.66928060006819,89.36242754858506,56.614387998636204,66.87268018722534,75.62969408362869,1785.2919344902039,7.431125640869141,0.5
241,1.8430557250976562,0.8000020384788513,0.1514275074005127,0.3009464740753174,0.5906797051429749,89.58404364132288,89.37947494033412,58.72826457551995,66.10679030418396,75.94964336534022,1792.665489435196,6.944920063018799,0.5
242,1.8422410488128662,0.7910829782485962,0.14843027293682098,0.32507747411727905,0.577650249004364,89.73747016706443,89.51585407432663,58.250937606546195,67.45403409004211,76.23957398449484,1799.9113082885742,6.8498475551605225,0.5
243,1.805675983428955,0.7815909385681152,0.13873308897018433,0.30230712890625,0.5830448269844055,89.85680190930788,89.77156495056256,57.841800204568706,65.86165428161621,75.83295533651383,1807.1932518482208,6.8951520919799805,0.5
244,1.8603079319000244,0.797517716884613,0.14811652898788452,0.3118206858634949,0.602853000164032,90.06137061029662,89.51585407432663,57.5690419365837,68.80861520767212,76.48872045721977,1814.48557138443,6.873488903045654,0.5
245,1.8207671642303467,0.7871329188346863,0.16063641011714935,0.3034404218196869,0.5695574283599854,89.87384930105694,89.54994885782476,57.671326287078074,67.32946634292603,76.10614769722145,1821.81551861763,6.942021369934082,0.5
246,1.8530793190002441,0.797042965888977,0.14160645008087158,0.3412565290927887,0.5731733441352844,90.11251278554381,89.73747016706443,57.79065802932152,67.36232042312622,76.250740351264,1829.1293942928314,6.92010760307312,0.5
247,1.8451802730560303,0.802767276763916,0.14349961280822754,0.35059574246406555,0.5483176112174988,90.50460279577224,89.68632799181725,57.73951585407433,67.9550051689148,76.47136295264465,1836.4308743476868,6.864751100540161,0.5
248,1.8071753978729248,0.7859934568405151,0.13270509243011475,0.34303513169288635,0.545441746711731,90.26593931128536,89.4817592908285,57.9781793385612,68.59521269798279,76.58027265966446,1843.892980337143,7.072099447250366,0.5
249,1.8141422271728516,0.795090913772583,0.13792793452739716,0.3386107385158539,0.5425125956535339,90.62393453801569,89.65223320831913,58.19979543129901,66.64906740188599,76.28125764487996,1851.3532485961914,7.064461708068848,0.5
250,1.8237923383712769,0.7970299124717712,0.14503493905067444,0.33327117562294006,0.5484563112258911,90.48755540402318,89.46471189907945,58.097511080804644,66.5058434009552,76.13890544621562,1858.735806941986,6.985510587692261,0.5
251,1.830336570739746,0.821507453918457,0.13184548914432526,0.31836652755737305,0.558617115020752,90.436413228776,89.73747016706443,56.818956699624955,67.58705377578735,76.14497346781319,1866.0788683891296,6.957124710083008,0.5
252,1.8519861698150635,0.8153282999992371,0.13469944894313812,0.32875770330429077,0.5732007026672363,90.64098192976473,89.7545175588135,58.8816911012615,65.94091653823853,76.30452678201956,1874.200758934021,7.73270845413208,0.5
253,1.8315426111221313,0.802473783493042,0.14180678129196167,0.3543620705604553,0.5328999757766724,90.36822366177975,89.49880668257757,58.7964541425162,65.92448949813843,76.14699349625297,1881.7812221050262,7.156041383743286,0.5
254,1.798424482345581,0.8022164702415466,0.13960422575473785,0.34185442328453064,0.5147493481636047,90.19774974428913,89.58404364132288,58.40436413228775,66.25113487243652,76.10932309758407,1889.1936964988708,7.023338317871094,0.5
255,1.8090672492980957,0.7970622181892395,0.13031059503555298,0.3345527946949005,0.5471416711807251,89.890896692806,89.44766450733039,58.74531196726901,66.72945618629456,76.20333233842499,1896.4828581809998,6.8627769947052,0.5
256,1.8012142181396484,0.7966150641441345,0.1441325694322586,0.3114088177680969,0.5490577220916748,90.14660756904193,89.60109103307194,58.40436413228775,66.39435887336731,76.13660540194223,1904.0451476573944,7.181291103363037,0.5
257,1.8061065673828125,0.7918368577957153,0.14014330506324768,0.3289056122303009,0.5452209115028381,89.82270712580976,89.49880668257757,58.830548926014316,65.98621606826782,76.03456970066736,1912.087941646576,7.64953875541687,0.5
258,1.8014075756072998,0.760012686252594,0.13242319226264954,0.35027244687080383,0.5586991906166077,90.5727923627685,89.7545175588135,57.94408455506308,65.22032618522644,75.87293016546788,1919.4437055587769,6.986843824386597,0.5
259,1.7745922803878784,0.7500823140144348,0.12130257487297058,0.36237263679504395,0.5408347845077515,90.38527105352881,89.54994885782476,59.03511762700306,66.29244089126587,76.31569460740563,1926.7350001335144,6.8830485343933105,0.5
260,1.7698419094085693,0.7621199488639832,0.13425764441490173,0.3426833748817444,0.5307810306549072,90.0272758267985,89.83975451755882,58.86464370951244,66.32306575775146,76.26368495290531,1933.9855425357819,6.862049341201782,0.5
261,1.7679469585418701,0.7815554738044739,0.12591122090816498,0.3387605547904968,0.521719753742218,90.50460279577224,89.63518581657006,59.069212410501194,65.82655906677246,76.25889002240399,1941.2494940757751,6.884538888931274,0.5
262,1.830432415008545,0.8155065178871155,0.13278673589229584,0.3296499252319336,0.5524892807006836,90.31708148653256,89.63518581657006,59.256733719740886,66.7532205581665,76.4905553952525,1948.520090341568,6.866466760635376,0.5
263,1.7925852537155151,0.8037851452827454,0.14475193619728088,0.3101908564567566,0.5338572263717651,89.890896692806,89.56699624957382,59.51244459597681,66.65305495262146,76.40584812274453,1955.886901140213,6.983483076095581,0.5
264,1.8161433935165405,0.8122605085372925,0.13875889778137207,0.33048588037490845,0.5346380472183228,89.618138424821,89.890896692806,59.086259802250254,66.51716828346252,76.27811580083494,1963.1660134792328,6.892810106277466,0.5
265,1.7885395288467407,0.8186268210411072,0.12712222337722778,0.32822462916374207,0.5145658254623413,90.33412887828163,89.56699624957382,59.34197067848619,67.55196452140808,76.69876508193742,1970.704755783081,7.104044675827026,0.5
266,1.822185754776001,0.8242742419242859,0.13747724890708923,0.3307141363620758,0.5297201871871948,90.04432321854756,89.90794408455506,59.73406068871463,66.09435081481934,76.44516970165914,1977.9655516147614,6.862540006637573,0.5
267,1.7893168926239014,0.8108458518981934,0.12867209315299988,0.3168521225452423,0.5329468846321106,90.19774974428913,89.51585407432663,59.71701329696556,67.1149492263794,76.63639158549017,1985.1845700740814,6.823644161224365,0.5
268,1.7931873798370361,0.7967164516448975,0.13192731142044067,0.3253442645072937,0.5391992926597595,90.2488919195363,89.41356972383225,59.68291851346744,65.83054661750793,76.29398169358599,1992.6185824871063,6.994778394699097,0.5
269,1.783003568649292,0.7914231419563293,0.1310308575630188,0.3153069317340851,0.5452426671981812,90.436413228776,89.44766450733039,59.76815547221275,65.90582728385925,76.38951512304459,2001.4069888591766,8.402505874633789,0.5
270,1.792006254196167,0.7782743573188782,0.12782877683639526,0.33942949771881104,0.5464736819267273,90.33412887828163,89.68632799181725,59.39311285373338,67.21399426460266,76.65689099710873,2009.415714263916,7.606215476989746,0.5
271,1.8134222030639648,0.7699037790298462,0.13641202449798584,0.3759942054748535,0.5311121940612793,90.19774974428913,89.3965223320832,60.07500852369587,66.521155834198,76.54760910856655,2016.688720703125,6.903793811798096,0.5
272,1.7952733039855957,0.7866005301475525,0.13235099613666534,0.31550300121307373,0.5608187317848206,90.96488237299694,89.51585407432663,60.17729287419024,66.61796569824219,76.818998754939,2024.1552777290344,7.061891078948975,0.5
273,1.7782799005508423,0.7934350371360779,0.14678947627544403,0.2997342348098755,0.5383211374282837,90.69212410501193,89.85680190930788,60.006818956699625,65.88318347930908,76.60973211258212,2031.5843138694763,6.998478174209595,0.5
274,1.8135228157043457,0.8293823599815369,0.1251979023218155,0.3168785870075226,0.5420640110969543,90.72621888851006,89.77156495056256,60.27957722468462,68.03650856018066,77.20346740598447,2038.915284395218,6.949862957000732,0.5
275,1.7666188478469849,0.8064150810241699,0.12136092036962509,0.29815757274627686,0.5406852960586548,90.58983975451756,89.78861234231162,59.58063416297307,66.4883017539978,76.61184700345002,2046.160024881363,6.857133388519287,0.5
276,1.748450517654419,0.7917212247848511,0.13209135830402374,0.32150501012802124,0.5031329393386841,90.981929764746,89.63518581657006,60.023866348448685,66.7696475982666,76.85265738200783,2053.4930486679077,6.898586750030518,0.5
277,1.8091018199920654,0.8019847273826599,0.13315053284168243,0.3454808294773102,0.5284857153892517,90.35117627003069,89.65223320831913,60.109103307194,65.54409861564636,76.41415285029754,2060.846494436264,6.966644287109375,0.5
278,1.803996205329895,0.8127925395965576,0.13674139976501465,0.3482244610786438,0.5062378644943237,90.35117627003069,89.54994885782476,60.63757245141493,67.22643375396729,76.94128283330942,2068.1261126995087,6.89448094367981,0.5
279,1.8228967189788818,0.8074178695678711,0.12733416259288788,0.3619954288005829,0.5261492729187012,90.67507671326287,89.87384930105694,60.56938288441869,66.50360822677612,76.90547928137865,2075.4793915748596,6.938957691192627,0.5
280,1.7568591833114624,0.7924909591674805,0.1303977519273758,0.33538857102394104,0.4985818862915039,90.19774974428913,89.72042277531538,59.71701329696556,67.19533205032349,76.70762946672338,2082.7549176216125,6.8891870975494385,0.5
281,1.7978718280792236,0.8069210648536682,0.15030765533447266,0.3148573935031891,0.5257856249809265,89.85680190930788,89.49880668257757,59.73406068871463,66.67681932449341,76.44162215127336,2089.9957280158997,6.871532201766968,0.5
282,1.7906100749969482,0.8097546100616455,0.13354609906673431,0.31644418835639954,0.5308652520179749,90.38527105352881,89.3965223320832,59.95567678145244,65.97999334335327,76.42936587760443,2097.4178097248077,7.020494222640991,0.5
283,1.7967456579208374,0.8254237771034241,0.13485835492610931,0.2834736704826355,0.5529898405075073,90.35117627003069,89.7545175588135,60.7909989771565,66.1492109298706,76.76147593396783,2104.7900705337524,6.977980613708496,0.5
284,1.804710865020752,0.8261479735374451,0.12402903288602829,0.30532410740852356,0.5492096543312073,90.06137061029662,89.65223320831913,61.37061029662462,66.72323346138,76.95186189415509,2112.1032395362854,6.937968492507935,0.5
285,1.796026587486267,0.8223061561584473,0.12684966623783112,0.35888683795928955,0.48798391222953796,89.72042277531538,89.31128537333788,60.92737811114899,66.68416261672974,76.66081221913299,2119.4534361362457,6.962391376495361,0.5
286,1.825721025466919,0.806286633014679,0.13110829889774323,0.34504780173301697,0.5432783365249634,90.14660756904193,89.70337538356632,61.063757245141495,66.44810438156128,76.84046114482776,2127.465684890747,7.618048191070557,0.5
287,1.7568820714950562,0.7720006108283997,0.13041137158870697,0.34339407086372375,0.5110759735107422,90.60688714626663,89.4817592908285,60.67166723491306,67.72006750106812,77.12009529326907,2134.783353328705,6.924949884414673,0.5
288,1.81607985496521,0.770258903503418,0.13726608455181122,0.35835692286491394,0.550197958946228,90.8455506307535,89.65223320831913,60.07500852369587,66.33885502815247,76.72791184773024,2142.1940960884094,7.031360864639282,0.5
289,1.7576394081115723,0.7754374146461487,0.1323409378528595,0.32857826352119446,0.5212827324867249,90.709171496761,90.09546539379475,60.91033071939993,66.42545461654663,77.03510555662558,2149.5741052627563,6.958179473876953,0.5
290,1.773909091949463,0.7926629781723022,0.13085819780826569,0.30865713953971863,0.5417308211326599,90.81145584725537,89.58404364132288,60.29662461643368,66.5398120880127,76.80798404825615,2156.9103643894196,6.950577974319458,0.5
291,1.782193660736084,0.803438663482666,0.11911465972661972,0.33037227392196655,0.5292680263519287,90.709171496761,89.43061711558131,60.109103307194,66.15431904792786,76.60080274186605,2164.2230739593506,6.912729024887085,0.5
292,1.7582261562347412,0.7874987721443176,0.12324970215559006,0.3364168703556061,0.5110608339309692,90.82850323900443,89.77156495056256,61.046709853392436,66.10790491104126,76.93867073850016,2171.6072301864624,6.970202445983887,0.5
293,1.755258321762085,0.7867507338523865,0.1258605271577835,0.3336159586906433,0.5090311169624329,90.7944084555063,89.58404364132288,60.944425502898056,66.4119005203247,76.93369453001299,2178.9992442131042,7.0008063316345215,0.5
294,1.761782169342041,0.8026900291442871,0.142475888133049,0.3229013979434967,0.49371474981307983,90.19774974428913,89.85680190930788,61.62632117286056,66.76852703094482,77.11234996435059,2186.3883550167084,7.004094123840332,0.5
295,1.8019821643829346,0.8017914295196533,0.14482593536376953,0.35562142729759216,0.4997432827949524,90.36822366177975,89.77156495056256,61.18308898738493,67.01701879501343,77.08497409868517,2193.533947944641,6.727914810180664,0.5
296,1.789462685585022,0.8092512488365173,0.12228191643953323,0.35257667303085327,0.5053528547286987,90.87964541425163,89.7545175588135,61.52403682236618,66.5058434009552,77.16601079909663,2200.703601837158,6.77941632270813,0.5
297,1.7711517810821533,0.794405460357666,0.13031592965126038,0.3607870042324066,0.48564332723617554,90.48755540402318,89.3965223320832,61.882032049096495,64.52349424362183,76.57240100720617,2208.5937888622284,7.5099523067474365,0.5
298,1.7416363954544067,0.7862868905067444,0.13107623159885406,0.3277832567691803,0.4964900314807892,90.53869757927036,89.85680190930788,61.84793726559836,64.78443145751953,76.75696705292403,2216.3380653858185,7.341253280639648,0.5
299,1.7248353958129883,0.7836245894432068,0.13048334419727325,0.32381343841552734,0.4869139790534973,90.58983975451756,89.7545175588135,62.20593249232868,65.98110795021057,77.13284943896758,2224.146605014801,7.409261703491211,0.5
300,1.71994149684906,0.7872000932693481,0.12313082069158554,0.30236199498176575,0.5072486400604248,90.76031367200818,89.85680190930788,62.00136379133993,66.32131338119507,77.23494818846277,2231.7369623184204,7.16085410118103,0.5
