geography code,total,M 0_15 1PE,M 0_15 1PA,M 0_15 1FE,M 0_15 1FM-0C,M 0_15 1FM-nC,M 0_15 1FM-nA,M 0_15 1FC-0C,M 0_15 1FC-nC,M 0_15 1FC-nA,M 0_15 1FL-nC,M 0_15 1FL-nA,M 0_15 1H-nC,M 0_15 1H-nS,M 0_15 1H-nE,M 0_15 1H-nA,M 16_24 1PE,M 16_24 1PA,M 16_24 1FE,M 16_24 1FM-0C,M 16_24 1FM-nC,M 16_24 1FM-nA,M 16_24 1FC-0C,M 16_24 1FC-nC,M 16_24 1FC-nA,M 16_24 1FL-nC,M 16_24 1FL-nA,M 16_24 1H-nC,M 16_24 1H-nS,M 16_24 1H-nE,M 16_24 1H-nA,M 25_34 1PE,M 25_34 1PA,M 25_34 1FE,M 25_34 1FM-0C,M 25_34 1FM-nC,M 25_34 1FM-nA,M 25_34 1FC-0C,M 25_34 1FC-nC,M 25_34 1FC-nA,M 25_34 1FL-nC,M 25_34 1FL-nA,M 25_34 1H-nC,M 25_34 1H-nS,M 25_34 1H-nE,M 25_34 1H-nA,M 35_49 1PE,M 35_49 1PA,M 35_49 1FE,M 35_49 1FM-0C,M 35_49 1FM-nC,M 35_49 1FM-nA,M 35_49 1FC-0C,M 35_49 1FC-nC,M 35_49 1FC-nA,M 35_49 1FL-nC,M 35_49 1FL-nA,M 35_49 1H-nC,M 35_49 1H-nS,M 35_49 1H-nE,M 35_49 1H-nA,M 50+ 1PE,M 50+ 1PA,M 50+ 1FE,M 50+ 1FM-0C,M 50+ 1FM-nC,M 50+ 1FM-nA,M 50+ 1FC-0C,M 50+ 1FC-nC,M 50+ 1FC-nA,M 50+ 1FL-nC,M 50+ 1FL-nA,M 50+ 1H-nC,M 50+ 1H-nS,M 50+ 1H-nE,M 50+ 1H-nA,F 0_15 1PE,F 0_15 1PA,F 0_15 1FE,F 0_15 1FM-0C,F 0_15 1FM-nC,F 0_15 1FM-nA,F 0_15 1FC-0C,F 0_15 1FC-nC,F 0_15 1FC-nA,F 0_15 1FL-nC,F 0_15 1FL-nA,F 0_15 1H-nC,F 0_15 1H-nS,F 0_15 1H-nE,F 0_15 1H-nA,F 16_24 1PE,F 16_24 1PA,F 16_24 1FE,F 16_24 1FM-0C,F 16_24 1FM-nC,F 16_24 1FM-nA,F 16_24 1FC-0C,F 16_24 1FC-nC,F 16_24 1FC-nA,F 16_24 1FL-nC,F 16_24 1FL-nA,F 16_24 1H-nC,F 16_24 1H-nS,F 16_24 1H-nE,F 16_24 1H-nA,F 25_34 1PE,F 25_34 1PA,F 25_34 1FE,F 25_34 1FM-0C,F 25_34 1FM-nC,F 25_34 1FM-nA,F 25_34 1FC-0C,F 25_34 1FC-nC,F 25_34 1FC-nA,F 25_34 1FL-nC,F 25_34 1FL-nA,F 25_34 1H-nC,F 25_34 1H-nS,F 25_34 1H-nE,F 25_34 1H-nA,F 35_49 1PE,F 35_49 1PA,F 35_49 1FE,F 35_49 1FM-0C,F 35_49 1FM-nC,F 35_49 1FM-nA,F 35_49 1FC-0C,F 35_49 1FC-nC,F 35_49 1FC-nA,F 35_49 1FL-nC,F 35_49 1FL-nA,F 35_49 1H-nC,F 35_49 1H-nS,F 35_49 1H-nE,F 35_49 1H-nA,F 50+ 1PE,F 50+ 1PA,F 50+ 1FE,F 50+ 1FM-0C,F 50+ 1FM-nC,F 50+ 1FM-nA,F 50+ 1FC-0C,F 50+ 1FC-nC,F 50+ 1FC-nA,F 50+ 1FL-nC,F 50+ 1FL-nA,F 50+ 1H-nC,F 50+ 1H-nS,F 50+ 1H-nE,F 50+ 1H-nA
E02005940,5847,0,0,0,0,353,0,0,54,0,83,0,45,0,0,0,0,6,0,0,73,25,4,10,4,31,17,15,3,0,44,0,42,0,39,42,26,63,18,0,5,12,7,5,0,100,0,85,0,49,266,23,36,36,1,3,15,27,0,0,46,119,95,233,221,140,105,35,13,2,1,23,19,0,11,62,0,0,0,0,352,0,0,53,0,70,0,45,0,0,0,0,10,0,2,91,30,6,5,1,37,12,28,1,0,34,0,31,0,47,55,15,63,17,1,15,10,15,0,0,68,0,59,0,44,295,16,28,41,3,71,11,50,0,0,24,289,140,228,216,93,97,35,8,1,17,58,30,0,9,78
E02005941,6296,0,1,0,0,386,0,0,35,0,126,0,44,0,0,0,0,9,0,3,68,40,11,7,2,39,20,20,11,0,55,0,94,0,63,62,22,104,17,1,1,10,16,9,0,153,0,116,0,47,290,16,29,31,2,7,9,20,1,0,62,118,104,171,180,123,82,10,8,4,5,21,22,0,6,49,0,0,0,0,410,0,0,60,0,106,0,41,0,0,0,0,16,0,5,68,25,18,11,3,37,20,25,7,0,82,0,65,0,74,75,13,96,22,0,34,8,13,7,0,143,0,76,0,40,304,16,23,27,3,76,13,37,0,0,41,329,123,173,174,95,80,9,6,3,30,48,29,0,17,78
E02005942,5519,0,3,0,0,394,0,1,33,0,82,0,57,0,0,0,0,22,0,3,63,21,9,5,1,19,12,16,17,0,24,0,105,0,44,39,18,61,10,1,2,5,11,25,0,108,0,111,0,50,296,6,48,26,1,4,7,32,0,0,28,74,101,169,215,127,66,25,9,2,4,6,18,1,3,45,0,1,0,0,392,0,0,41,0,53,0,40,0,0,0,0,18,0,4,60,21,12,1,3,21,4,17,38,0,27,0,63,0,59,59,15,66,15,0,17,5,24,16,0,77,0,92,0,45,324,11,33,25,1,47,7,36,0,0,29,198,118,171,200,82,61,21,5,2,22,45,34,1,4,51
E02005943,6222,0,0,0,0,365,0,0,36,0,111,0,62,0,0,0,0,12,0,2,78,55,9,5,6,27,13,37,22,0,55,0,34,0,42,70,41,52,17,0,0,19,22,29,0,169,0,47,0,47,288,38,41,39,2,5,15,35,3,0,59,124,79,233,161,81,137,17,7,5,4,18,31,2,5,54,0,0,0,0,367,0,0,61,0,100,0,51,0,0,0,0,11,0,4,65,35,12,16,3,35,13,31,60,0,74,0,30,0,51,101,27,58,23,2,31,11,30,21,0,160,0,48,0,44,301,34,30,34,3,77,20,49,1,0,30,244,91,234,157,34,116,13,5,2,13,68,30,0,14,80
E02005944,6956,0,0,0,0,335,0,0,122,0,265,0,115,0,0,0,0,9,0,2,84,41,17,29,15,48,42,39,36,0,61,0,50,0,50,92,47,57,37,3,13,35,58,9,0,129,0,89,0,46,219,41,25,61,7,7,27,55,0,0,54,122,115,119,137,68,100,17,8,12,5,45,25,0,6,69,0,0,0,0,311,0,0,94,0,330,0,106,0,0,0,0,24,0,3,77,28,19,27,4,91,21,36,26,0,63,0,78,0,59,118,18,65,49,2,147,12,65,17,0,80,0,91,0,39,219,36,14,56,9,121,40,68,1,0,41,200,115,121,132,31,93,12,3,8,28,81,38,0,7,63
E02005945,8883,0,1,0,0,510,0,0,79,0,69,0,79,0,0,0,0,31,0,2,74,43,19,10,10,16,14,21,261,0,131,0,134,0,82,100,39,113,21,2,1,20,47,44,0,255,0,121,0,55,371,28,48,47,1,2,17,50,2,0,87,126,100,261,210,142,132,34,15,6,5,36,30,0,12,68,0,0,0,0,515,0,0,59,0,81,0,83,0,0,0,0,43,0,5,83,47,29,11,0,26,21,32,258,0,163,0,132,0,98,135,20,95,27,1,33,7,51,23,0,291,0,122,0,52,392,25,42,52,2,56,13,63,1,0,67,357,112,265,200,79,122,30,5,4,13,64,33,0,37,72
E02005946,7969,0,0,0,0,471,0,0,86,0,113,0,68,0,0,0,0,14,0,2,90,39,17,21,5,27,22,16,82,0,80,0,73,0,60,110,44,99,28,2,1,14,56,12,0,189,0,110,0,79,396,33,63,53,1,7,19,47,1,0,71,115,102,205,247,105,141,32,10,5,3,21,33,0,4,101,0,0,0,0,482,0,0,75,0,129,0,81,0,0,0,0,15,0,4,96,41,24,19,1,48,20,31,59,0,107,0,79,0,81,148,24,101,26,3,38,7,50,13,0,159,0,82,0,63,393,35,41,60,2,76,15,48,0,0,45,294,105,207,238,71,125,29,4,5,16,68,45,0,7,89
E02005947,5112,0,0,0,0,173,0,1,18,0,53,0,22,0,0,0,0,67,0,4,26,12,24,4,2,15,9,12,141,0,60,0,269,0,83,42,19,117,5,2,6,9,15,77,0,205,0,182,0,50,125,8,47,12,0,9,4,10,3,0,58,94,173,93,127,62,42,24,6,4,1,6,6,0,4,55,0,0,0,0,178,0,0,15,0,66,0,26,0,0,0,0,47,0,8,37,6,35,3,0,16,9,17,154,0,61,0,125,0,92,41,8,106,10,0,16,4,13,58,0,136,0,89,0,44,146,8,28,8,0,44,11,17,2,0,38,181,98,91,114,41,41,16,3,4,11,31,12,0,1,49
E02005948,6150,0,0,0,0,235,0,0,49,0,79,0,27,0,0,0,0,38,0,3,18,12,22,9,3,20,17,14,241,0,101,0,109,0,91,51,16,165,20,3,7,9,17,123,0,380,0,194,0,78,183,8,56,39,1,3,16,6,1,0,64,108,139,83,114,44,45,31,10,7,4,19,14,0,10,40,0,1,0,0,225,0,0,52,0,74,0,22,0,0,0,0,32,0,8,23,12,23,7,2,24,12,14,218,0,101,0,85,0,103,70,15,158,17,1,18,9,20,68,0,260,0,68,0,67,183,12,36,44,2,54,10,13,2,0,58,189,126,83,94,26,42,23,7,7,18,49,18,2,2,45
E02005949,6161,0,1,0,0,232,0,0,51,0,201,0,72,0,0,0,0,19,0,2,45,36,10,14,8,32,23,31,249,0,104,0,84,0,39,68,48,57,21,3,1,19,42,38,0,217,0,123,0,34,160,30,25,35,5,10,11,52,3,0,71,92,71,113,89,30,111,16,5,10,3,30,26,0,2,48,0,0,0,0,224,0,0,57,0,183,0,78,0,0,0,0,37,0,6,44,32,15,13,3,93,11,24,266,0,121,0,72,0,44,98,19,57,30,0,80,9,62,34,0,150,0,82,0,32,137,30,7,24,11,77,18,59,2,0,62,193,83,120,86,15,94,15,2,9,11,63,26,0,6,63
E02005950,10596,0,0,0,0,203,0,1,57,0,87,0,73,0,0,0,0,55,0,8,54,33,35,12,2,35,31,43,1292,0,372,0,192,0,83,47,38,182,22,2,6,26,38,142,0,535,0,214,0,57,147,19,68,48,1,7,17,36,1,0,133,98,162,74,128,75,85,36,13,7,4,21,35,1,8,83,0,0,0,0,219,0,0,76,0,111,0,70,0,0,0,0,47,0,7,50,21,50,17,3,42,20,58,1377,0,421,0,126,0,94,73,28,169,23,0,34,14,43,87,0,442,0,118,0,47,152,20,49,58,1,61,11,48,2,0,83,190,144,84,118,46,79,28,4,8,23,73,35,2,12,94
E02005951,5912,0,0,0,0,313,0,1,51,0,89,0,36,0,0,0,0,18,0,1,46,18,23,12,4,24,26,16,106,0,104,0,104,0,61,60,28,112,17,1,3,20,33,62,0,294,0,122,0,69,222,16,42,34,1,8,14,21,2,0,76,98,102,118,105,52,52,15,6,5,6,16,15,0,4,62,0,0,0,0,267,0,0,41,0,71,0,41,0,0,0,0,25,0,4,34,13,27,10,1,26,17,22,103,0,119,0,62,0,77,89,8,106,12,1,22,9,33,54,0,276,0,89,0,44,223,15,23,41,2,65,21,21,1,0,56,188,129,110,101,25,49,13,0,4,14,49,22,0,8,63
E02005952,13772,0,0,0,0,584,0,0,157,0,293,0,227,0,0,0,0,39,0,5,150,68,33,25,5,68,34,92,231,0,312,0,224,0,130,177,79,196,83,5,11,39,147,38,0,725,0,254,0,116,389,56,87,72,3,18,28,115,1,0,256,124,153,215,220,116,183,49,22,6,6,54,86,0,17,125,0,0,0,0,593,0,0,147,0,291,0,214,0,0,0,0,41,0,16,164,67,54,38,9,127,22,111,178,0,287,0,149,0,157,227,40,186,78,0,136,15,169,29,0,610,0,155,0,89,374,52,58,77,9,132,29,117,1,0,113,262,140,215,199,58,167,37,10,2,31,110,90,0,10,132
E02005953,5649,0,0,0,0,249,0,0,63,0,81,0,77,0,0,0,0,8,0,0,50,21,4,14,6,27,21,28,232,0,111,0,65,0,42,54,21,78,14,0,5,18,49,37,0,281,0,78,0,50,168,11,43,48,0,7,23,30,1,0,102,80,85,46,102,76,57,18,15,8,3,19,36,0,10,62,0,0,0,0,231,0,0,52,0,91,0,76,0,0,0,0,9,0,2,65,17,11,12,3,38,9,36,202,0,159,0,53,0,46,81,17,82,16,0,31,9,37,32,0,220,0,77,0,40,179,13,32,49,1,59,12,41,0,0,56,90,102,46,100,35,53,16,9,5,12,50,42,0,15,44
E02005954,9530,0,0,0,0,464,0,0,104,0,168,0,166,0,0,0,0,18,0,1,108,88,15,22,3,33,29,75,17,0,127,0,91,0,48,98,74,96,41,4,4,27,94,9,0,413,0,127,0,73,338,45,70,60,2,19,14,90,1,0,173,155,131,230,218,111,179,43,17,7,5,37,45,3,15,115,0,1,0,0,447,0,0,102,0,200,0,156,0,0,0,0,8,0,9,100,40,25,20,1,61,19,57,31,0,111,0,50,0,57,159,29,100,48,7,72,16,132,5,0,280,0,113,0,73,323,53,53,62,4,96,14,75,4,0,94,368,117,228,205,63,159,38,10,7,16,77,53,1,15,106
E02005955,9700,0,0,0,0,479,0,0,116,0,391,0,146,0,0,0,0,17,0,4,116,66,18,40,10,53,32,43,10,0,81,0,133,0,68,119,56,108,46,2,9,35,85,1,0,207,0,158,0,70,331,69,77,66,12,19,38,74,0,0,123,129,138,207,210,82,188,36,16,8,5,46,39,1,12,115,0,0,0,0,460,0,1,122,0,363,0,123,0,0,0,0,22,0,5,103,58,31,43,7,101,27,74,8,0,74,0,87,0,80,182,38,121,54,0,181,18,103,0,0,142,0,114,0,68,295,60,41,60,13,156,35,68,0,0,94,260,124,213,191,36,163,29,4,6,24,110,51,0,9,88
E02005956,6085,0,0,0,0,232,0,0,128,0,265,0,97,0,0,0,0,10,0,2,107,54,2,31,11,68,30,35,10,0,47,0,29,0,9,61,44,21,34,5,9,26,47,3,0,95,0,119,0,24,181,65,13,68,12,21,35,63,0,0,66,81,99,141,115,58,117,23,14,14,11,25,17,0,6,60,0,0,0,0,229,0,0,94,0,322,0,91,0,0,0,0,15,0,3,65,37,7,33,5,107,29,46,6,0,36,0,36,0,10,92,18,22,48,4,119,10,56,1,0,49,0,55,0,25,170,54,14,60,10,152,38,64,0,0,36,161,96,139,110,32,102,16,5,11,20,82,26,0,4,53
E02005957,6882,0,0,0,0,391,0,0,164,0,393,0,99,0,0,0,0,8,0,3,65,37,9,42,12,59,39,48,5,0,26,0,58,0,32,124,33,45,85,4,16,16,48,1,0,64,0,141,0,53,245,42,30,77,12,15,19,50,0,0,55,72,97,79,74,40,73,19,10,11,6,24,16,0,13,36,0,0,0,0,332,0,0,169,0,435,0,88,0,0,0,0,32,0,8,83,34,11,41,9,153,26,33,1,0,29,0,45,0,40,177,7,55,87,2,167,11,50,0,0,46,0,116,0,49,199,39,16,69,9,214,33,68,0,0,30,127,102,81,67,20,65,25,7,8,21,58,21,0,7,25
E02005958,5675,0,0,0,0,411,0,0,81,0,70,0,34,0,0,0,0,1,0,2,98,58,10,10,11,29,43,10,0,0,22,0,37,0,37,62,55,77,30,0,1,15,6,0,0,45,0,57,0,54,338,38,31,50,7,5,6,18,0,0,20,66,83,161,214,94,145,35,6,10,3,17,19,0,2,31,0,0,0,0,363,0,0,67,0,77,0,30,0,0,0,0,1,0,6,86,62,22,13,5,39,21,23,0,0,15,0,23,0,49,98,29,78,33,1,21,8,11,0,0,29,0,59,0,46,345,43,24,52,7,63,20,32,0,0,17,185,76,165,208,49,132,33,3,8,19,51,25,0,3,35
E02005959,5428,0,0,0,0,306,0,0,49,0,44,0,34,0,0,0,0,0,0,0,109,76,5,8,4,18,24,8,6,0,17,0,10,0,24,35,58,31,13,2,2,16,7,0,0,39,0,43,0,46,256,45,39,48,4,8,14,20,0,0,39,76,78,255,281,130,158,48,8,10,5,20,21,0,11,66,0,0,0,0,333,0,0,52,0,55,0,28,0,0,0,0,1,0,1,89,49,12,7,3,25,16,15,3,0,23,0,4,0,28,52,25,37,22,4,8,4,13,2,0,20,0,33,0,61,285,46,25,41,4,47,13,20,0,0,34,189,85,255,259,82,142,37,5,11,6,46,28,0,4,65
E02005960,5836,0,0,0,0,402,0,0,77,0,64,0,33,0,0,0,0,8,0,1,98,41,6,10,9,26,16,27,2,0,24,0,30,0,28,53,41,47,21,3,0,10,9,0,0,30,0,65,0,55,331,34,43,46,6,8,12,26,0,0,24,89,48,267,266,94,126,30,9,9,5,28,20,0,12,47,0,0,0,0,414,0,0,63,0,75,0,35,0,0,0,0,2,0,1,69,40,9,9,10,28,17,21,0,0,18,0,20,0,41,78,26,61,27,3,17,7,11,0,0,24,0,56,0,49,338,27,36,42,9,64,20,33,0,0,21,280,57,271,257,64,113,24,2,7,10,44,19,0,10,41
E02005961,6593,0,0,0,0,373,0,0,58,0,61,0,47,0,0,0,0,3,0,2,110,90,8,5,9,22,27,12,0,0,32,0,27,0,35,62,42,74,20,1,3,13,18,2,0,51,0,54,0,67,324,43,59,50,6,8,13,27,0,0,17,101,88,339,324,129,170,43,12,7,2,34,28,0,7,51,0,0,0,0,417,0,0,63,0,73,0,32,0,0,0,0,1,0,4,98,53,20,11,8,28,18,17,0,0,30,0,22,0,42,77,30,71,23,2,16,4,13,2,0,24,0,63,0,71,358,41,47,48,8,58,10,40,0,0,22,235,80,340,307,73,152,48,7,7,13,59,30,0,17,50
E02005962,8264,0,0,0,0,524,0,0,95,0,87,0,28,0,0,0,0,4,0,0,127,101,4,17,13,38,33,9,0,0,27,0,12,0,32,56,124,29,25,2,0,21,5,0,0,37,0,75,0,89,465,57,51,74,7,10,21,31,0,0,30,102,86,362,486,150,281,47,9,13,14,33,21,0,12,67,0,0,0,0,553,0,0,77,0,102,0,41,0,0,0,0,1,0,0,133,79,7,19,8,50,20,22,0,0,21,0,19,0,46,91,50,39,38,2,14,9,13,0,0,24,0,36,0,98,491,61,51,58,11,86,15,34,0,0,27,244,100,371,461,88,259,40,4,8,22,62,26,0,10,80
E02005963,8013,0,0,0,0,476,0,0,122,0,110,0,76,0,0,0,0,6,0,2,119,94,9,17,9,30,26,32,2,0,32,0,25,0,35,66,77,65,48,7,2,17,18,0,0,48,0,98,0,83,368,58,49,68,6,9,16,58,0,0,44,123,117,312,360,131,209,64,15,19,6,45,32,0,16,79,0,0,0,0,510,0,0,124,0,109,0,59,0,0,0,0,6,0,3,113,66,11,33,9,26,25,26,0,0,27,0,27,0,42,102,32,69,50,3,37,5,25,0,0,40,0,73,0,93,392,54,37,70,9,69,19,63,0,0,35,231,120,314,344,72,187,58,8,18,16,53,45,0,24,75
E02005964,7255,0,0,0,0,514,0,0,79,0,79,0,38,0,0,0,0,3,0,1,133,93,3,12,10,24,27,26,0,0,25,0,13,0,20,47,68,43,22,3,4,15,7,0,0,51,0,51,0,89,425,44,50,52,6,3,21,20,0,0,33,110,92,361,355,142,175,51,12,10,3,30,30,0,6,76,0,0,0,1,486,0,0,59,0,69,0,36,0,0,0,0,3,0,0,95,53,13,16,7,26,22,24,0,0,21,0,8,0,31,69,24,45,25,2,13,11,9,0,0,32,0,40,0,89,460,42,46,54,7,67,20,35,0,0,22,261,103,359,336,85,163,53,4,10,22,66,25,0,9,70
E02005965,5402,0,0,0,0,409,0,0,51,0,48,0,21,0,0,0,0,1,0,1,78,44,4,11,3,16,23,8,0,0,19,0,11,0,27,38,18,35,21,3,0,4,4,0,0,14,0,34,0,62,321,28,41,35,1,4,23,21,0,0,14,84,69,254,303,104,106,40,16,6,5,32,16,0,6,48,0,0,0,0,379,0,0,64,0,47,0,26,0,0,0,0,0,0,1,58,50,9,9,2,22,18,15,0,0,15,0,8,0,38,66,15,42,27,1,12,12,10,0,0,12,0,47,0,75,349,29,35,40,1,45,12,24,0,0,18,218,85,258,279,50,93,32,3,6,12,57,21,0,9,61
E02005966,8039,0,0,0,0,635,0,0,124,0,143,0,42,0,0,0,0,6,0,4,131,57,31,21,4,32,26,11,2,0,51,0,60,0,98,176,27,184,69,5,0,19,20,0,0,112,0,179,0,159,570,23,96,88,6,12,9,28,0,0,49,23,83,70,199,105,86,34,6,10,5,14,14,0,4,32,0,0,0,0,656,0,0,135,0,131,0,38,0,0,0,0,1,0,11,125,33,69,37,8,43,24,14,0,0,39,0,45,0,118,225,15,168,71,3,44,5,24,0,0,57,0,109,0,143,547,41,78,80,8,116,18,29,0,0,30,77,97,72,186,60,67,22,0,8,16,41,15,0,5,41
E02005967,5585,0,0,0,0,344,0,0,87,0,121,0,23,0,0,0,0,8,0,4,64,94,9,23,7,27,18,13,5,0,29,0,25,0,35,77,49,39,41,4,0,18,15,0,0,66,0,62,0,68,275,48,35,38,7,8,12,10,0,0,46,71,76,214,196,60,134,30,10,9,8,21,10,0,7,47,0,0,0,0,337,0,1,86,0,111,0,26,0,0,0,0,4,0,5,83,47,11,25,6,43,13,23,0,0,31,0,14,0,41,102,27,42,52,2,35,7,14,0,0,27,0,38,0,67,267,57,30,33,8,85,18,23,0,0,17,212,70,220,184,37,112,25,4,5,8,41,10,0,6,46
E02005968,6559,0,0,0,0,584,0,0,46,0,57,0,32,0,0,0,0,3,0,14,98,45,2,12,7,15,12,12,0,0,20,0,17,0,114,175,39,32,15,1,1,14,13,0,0,37,0,50,0,101,445,47,30,39,2,4,13,18,0,0,33,76,66,257,262,102,115,34,10,5,3,18,17,0,0,35,0,0,0,0,611,0,0,55,0,45,0,26,0,0,0,0,1,0,27,121,44,7,19,0,12,14,12,0,0,8,0,12,0,111,196,18,37,15,1,14,7,13,0,0,27,0,34,0,105,461,29,28,44,4,40,11,26,0,0,18,172,77,263,250,51,122,38,7,3,6,40,23,0,3,52
E02005969,9021,0,0,0,0,626,0,0,96,0,121,0,44,0,0,0,0,17,0,0,114,87,21,13,7,53,34,22,0,0,40,0,48,0,53,99,48,92,41,4,2,25,21,0,0,67,0,147,0,58,499,60,61,71,8,11,22,34,0,0,55,155,141,369,382,113,171,53,13,10,5,28,19,0,14,50,0,0,0,0,611,0,0,115,0,127,0,47,0,0,0,0,13,0,2,99,66,38,21,10,55,21,22,0,0,52,0,40,0,58,138,31,93,49,2,36,8,17,0,0,49,0,96,0,75,502,55,52,63,9,109,29,35,2,0,36,405,151,379,362,68,158,48,5,9,26,76,23,0,14,70
E02005970,5635,0,0,0,0,282,0,0,89,0,143,0,33,0,0,0,0,20,0,6,92,49,20,25,12,25,35,22,1,0,61,0,79,0,40,77,38,97,47,5,3,13,26,0,0,112,0,172,0,48,239,31,35,55,9,11,15,18,0,0,68,52,102,102,150,60,100,39,7,9,5,27,10,0,1,61,0,0,0,0,310,0,0,100,0,147,0,36,0,0,0,0,14,0,9,69,26,41,35,8,54,16,17,1,0,43,0,55,0,37,117,17,84,51,2,51,8,13,0,0,52,0,88,0,52,228,29,27,41,12,91,18,26,0,0,39,100,71,102,142,25,89,31,5,8,11,53,10,0,2,44
E02005971,5727,0,0,0,0,337,0,0,92,0,93,0,44,0,0,0,0,1,0,2,97,55,7,19,8,28,24,21,0,0,51,0,20,0,18,63,54,35,27,3,1,14,19,0,0,65,0,50,0,43,287,52,38,56,6,4,20,22,0,0,56,96,54,258,202,62,131,22,8,5,4,25,17,0,1,68,0,0,0,0,337,0,2,79,0,91,0,45,0,0,0,0,3,0,1,71,55,14,23,2,45,13,20,0,0,27,0,16,0,25,103,25,45,41,0,22,9,25,0,0,34,0,35,0,49,287,50,31,49,4,72,13,30,0,0,46,275,60,258,188,22,120,24,3,7,7,63,18,0,2,56
E02005972,7896,0,0,0,0,553,0,0,83,0,88,0,30,0,0,0,0,2,0,0,110,93,12,15,11,35,33,13,2,0,22,0,15,0,32,84,63,55,33,4,1,20,18,0,0,47,0,64,0,88,446,53,52,51,6,5,17,27,0,0,22,127,86,406,417,130,181,67,14,11,6,36,33,0,11,69,0,0,0,0,541,0,0,84,0,73,0,38,0,0,0,0,4,0,2,103,61,10,12,2,31,15,19,0,0,19,0,18,0,46,110,31,57,37,2,20,8,16,0,0,20,0,41,0,96,473,48,54,58,8,74,15,31,0,0,27,267,98,402,395,74,176,65,9,8,9,68,37,0,21,64
E02005973,5501,0,0,0,0,295,0,1,44,0,77,0,27,0,0,0,0,7,0,0,29,33,18,9,7,21,18,7,0,0,42,0,28,0,27,49,27,55,21,0,2,13,15,0,0,68,0,84,0,37,240,27,32,37,3,9,18,15,0,0,42,119,106,292,219,52,109,26,10,6,5,23,12,0,2,56,0,0,0,0,314,0,0,50,0,79,0,34,0,0,0,0,8,0,4,40,34,23,12,4,33,18,14,0,0,22,0,27,0,31,80,21,58,20,0,17,8,18,0,0,71,0,74,0,38,233,28,27,40,7,74,8,23,0,0,18,417,117,300,212,24,100,36,5,2,18,64,13,0,6,56
E02005974,6018,0,0,0,0,439,0,0,57,0,84,0,42,0,0,0,0,26,0,0,75,27,11,13,0,28,21,12,2,0,32,0,46,0,27,51,21,69,26,0,0,6,6,1,0,70,0,89,0,60,359,18,46,44,3,6,17,17,0,0,29,96,91,276,205,106,96,26,7,1,6,16,11,0,6,38,0,0,0,0,438,0,0,69,0,87,0,18,0,0,0,0,10,0,0,48,32,17,13,2,29,21,17,0,0,26,0,39,0,35,73,19,78,31,0,19,7,18,0,0,61,0,66,0,57,380,16,47,50,2,86,15,28,0,0,37,277,94,278,198,57,89,22,5,1,21,47,23,0,6,48
E02005975,7564,0,0,0,0,582,0,0,50,0,84,0,35,0,0,0,0,0,0,0,127,84,2,9,9,17,11,11,0,0,27,0,13,0,18,40,66,26,12,2,0,13,8,0,0,19,0,53,0,87,466,36,30,38,1,3,13,18,0,0,19,112,88,439,454,167,209,50,9,14,5,32,23,0,8,55,0,0,0,0,535,0,0,47,0,75,0,33,0,0,0,0,1,0,2,112,65,4,4,8,22,12,11,0,0,19,0,11,0,29,62,34,23,21,0,15,6,17,0,0,20,0,40,0,93,512,49,29,36,4,65,10,31,0,0,16,295,80,449,435,103,187,54,2,12,19,54,24,0,12,71
E02005976,5795,0,0,0,0,476,0,0,43,0,51,0,39,0,0,0,0,3,0,1,86,52,1,6,3,17,9,7,0,0,8,0,8,0,10,28,40,13,7,2,1,9,10,0,0,27,0,38,0,58,372,24,30,29,1,2,10,20,0,0,17,62,54,305,356,146,143,50,13,5,2,20,23,0,8,47,0,0,0,0,499,0,0,35,0,39,0,35,0,0,0,0,2,0,1,75,33,2,5,2,22,17,11,0,0,11,0,8,0,17,36,33,20,8,0,4,4,13,0,0,22,0,29,0,70,433,22,30,34,1,44,14,28,0,0,11,182,75,307,339,81,134,40,7,5,16,37,26,0,22,62
E02005977,5677,0,0,0,0,405,0,0,63,0,55,0,25,0,0,0,0,0,0,0,82,59,3,17,3,24,10,6,0,0,17,0,4,0,18,32,48,18,17,2,0,18,5,0,0,29,0,35,0,52,347,37,29,51,2,9,18,15,0,0,35,87,47,364,258,108,165,29,12,4,6,22,15,0,8,38,0,0,0,0,384,0,0,59,0,67,0,12,0,0,0,0,0,0,1,78,40,5,8,2,26,16,13,0,0,19,0,6,0,22,61,35,21,20,0,12,8,4,0,0,14,0,35,0,60,364,29,32,52,2,58,18,20,0,0,23,221,76,366,245,61,155,29,6,4,6,59,19,0,17,34
E02005993,6283,0,0,0,0,354,0,0,89,0,103,0,43,0,0,0,0,17,0,1,92,67,15,15,6,38,23,17,2,0,20,0,32,0,35,59,38,61,43,5,1,11,16,1,0,41,0,87,0,64,284,46,61,44,8,8,14,20,0,0,25,129,82,271,279,82,129,45,11,9,2,20,18,0,14,32,0,0,0,0,312,0,0,81,0,111,0,34,0,0,0,0,3,0,6,62,40,29,17,10,35,18,16,2,0,32,0,39,0,43,78,14,51,41,2,37,8,17,0,0,29,0,76,0,66,305,49,57,47,9,93,14,33,1,0,23,328,101,275,266,44,110,41,5,10,16,62,14,0,10,32
E02005994,5801,0,0,0,0,411,0,0,56,0,46,0,26,0,0,0,0,8,0,0,65,45,11,10,4,18,19,9,0,0,32,0,25,0,19,50,41,36,12,3,3,7,10,0,0,19,0,50,0,78,345,30,40,41,4,7,11,18,0,0,29,92,70,265,338,93,144,49,16,7,5,24,13,0,6,45,0,0,0,0,397,0,0,63,0,55,0,26,0,0,0,0,6,0,0,78,43,18,17,4,23,9,10,0,0,18,0,12,0,29,81,20,41,13,2,7,1,9,0,0,23,0,62,0,89,352,24,37,51,4,48,12,19,0,0,28,196,102,263,311,51,132,46,6,7,15,54,18,0,7,57
E02005995,5850,0,0,0,0,412,0,0,62,0,52,0,20,0,0,0,0,1,0,0,81,50,3,12,8,16,17,10,0,0,13,0,18,0,28,39,51,21,15,4,1,9,4,0,0,11,0,51,0,60,325,26,45,48,2,4,15,17,0,0,16,100,77,317,357,105,142,49,15,14,3,25,17,0,5,35,0,0,0,0,403,0,0,66,0,51,0,18,0,0,0,0,3,0,4,59,34,6,13,4,16,7,15,0,0,15,0,9,0,29,51,29,30,20,1,9,4,8,0,0,13,0,44,0,69,363,31,34,49,2,44,14,19,0,0,14,262,120,316,347,52,126,44,7,14,18,42,17,0,8,49
E02005996,7973,0,0,0,0,521,0,0,85,0,102,0,33,0,0,0,0,5,0,1,95,75,3,6,4,33,24,15,5,0,18,0,22,0,44,60,35,65,27,2,3,12,13,0,0,37,0,78,0,94,443,45,57,57,3,15,19,25,1,0,45,166,101,414,389,139,166,60,15,8,7,33,20,0,9,64,0,0,0,0,531,0,0,87,0,116,0,27,0,0,0,0,3,0,1,110,44,16,14,4,36,13,17,6,0,20,0,23,0,61,83,17,66,29,0,25,7,16,2,0,24,0,72,0,91,498,40,48,62,3,95,15,27,0,0,25,388,135,418,369,61,139,55,3,7,17,76,26,0,16,71
E02005997,5537,0,0,0,0,294,0,0,64,0,72,0,33,0,0,0,0,1,0,0,73,74,1,17,4,23,23,12,0,0,27,0,15,0,21,38,42,30,15,2,2,17,13,0,0,14,0,62,0,59,234,37,31,45,3,5,13,17,0,0,22,99,92,306,338,114,146,40,13,4,3,34,15,0,10,34,0,0,0,0,295,0,0,48,0,66,0,29,0,0,0,0,5,0,0,94,50,10,19,1,15,13,8,0,0,12,0,16,0,26,57,17,30,15,1,20,10,15,0,0,11,0,34,0,59,263,37,23,54,2,53,16,23,0,0,14,266,94,308,325,68,123,33,8,6,17,55,26,0,9,35
E02005998,5716,0,0,0,0,394,0,0,41,0,27,0,26,0,0,0,0,2,0,2,102,76,4,10,6,14,10,10,0,0,20,0,19,0,22,48,55,39,15,1,0,10,3,0,0,28,0,38,0,57,335,44,31,41,5,5,15,20,0,0,18,78,51,311,315,99,173,43,11,4,7,22,19,0,9,53,0,0,0,0,369,0,0,64,0,25,0,29,0,0,0,0,5,0,2,87,42,14,7,1,35,6,9,0,0,19,0,27,0,25,71,23,31,18,0,5,7,9,0,0,21,0,42,0,58,351,55,37,43,5,32,11,21,0,0,14,210,79,315,313,60,143,35,6,3,11,41,20,0,12,60
E02005999,6110,0,0,0,0,366,0,0,54,0,76,0,43,0,0,0,0,3,0,1,98,77,7,16,12,16,21,15,0,0,25,0,17,0,24,52,43,40,23,4,1,11,6,0,0,20,0,60,0,67,313,55,36,46,13,9,17,35,0,0,29,93,65,312,351,118,144,46,11,14,5,34,35,0,2,46,0,0,0,0,384,0,0,64,0,62,0,27,0,0,0,0,2,0,3,97,44,15,14,7,10,15,22,0,0,19,0,15,0,31,65,17,37,21,3,15,2,8,0,0,17,0,36,0,73,350,46,33,49,12,47,13,33,0,0,25,202,86,312,330,63,139,44,6,12,8,51,38,0,8,51
E02006000,11686,0,0,0,0,739,0,0,175,0,185,0,84,0,0,0,0,22,0,5,175,131,30,25,9,62,45,32,0,0,57,0,79,0,97,173,74,160,79,7,7,35,31,0,0,123,0,158,0,134,637,66,90,115,10,14,17,39,0,0,50,100,130,387,448,153,225,68,22,15,6,38,29,0,8,60,0,0,0,0,779,0,0,184,0,185,0,69,0,0,0,0,18,0,6,156,85,44,40,9,77,27,42,0,0,62,0,66,0,117,245,30,158,94,4,50,8,41,0,0,87,0,113,0,132,633,82,81,102,14,160,28,61,0,0,33,324,166,393,423,84,203,59,15,11,28,72,38,0,12,76
E02006001,5613,0,0,0,0,383,0,0,116,0,94,0,34,0,0,0,0,4,0,2,104,57,19,19,5,38,21,13,0,0,22,0,28,0,47,90,44,69,53,5,3,13,11,0,0,48,0,88,0,57,300,40,48,61,3,9,10,21,0,0,28,47,73,148,198,77,108,27,6,7,4,25,7,0,4,31,0,0,0,0,367,0,0,108,0,105,0,27,0,0,0,0,4,0,4,60,39,34,24,3,39,11,24,0,0,23,0,37,0,58,122,19,74,52,0,21,4,13,0,0,39,0,61,0,61,287,39,38,51,5,98,17,21,0,0,10,120,80,150,181,54,97,29,6,6,15,53,8,0,5,41
E02006002,10004,0,0,0,0,481,0,0,132,0,167,0,60,0,0,0,0,20,0,4,140,79,43,36,8,60,45,39,2,0,109,0,93,0,57,116,53,140,55,4,3,31,32,0,0,164,0,146,0,94,396,62,76,84,7,18,29,42,0,0,75,190,111,404,353,101,201,51,13,13,8,35,24,0,28,97,0,0,0,0,524,0,0,132,0,192,0,66,0,0,0,0,15,0,7,121,67,61,31,7,85,30,29,5,0,85,0,65,0,78,159,33,147,63,1,45,12,37,0,0,110,0,97,0,83,405,65,52,77,11,143,30,52,0,0,53,484,171,404,346,39,181,46,7,5,24,79,29,0,9,74
E02006003,5395,0,0,0,0,315,0,0,68,0,84,0,30,0,0,0,0,11,0,1,94,58,5,17,3,22,34,13,0,0,20,0,11,0,13,36,43,29,24,3,0,12,5,0,0,39,0,49,0,53,267,52,39,49,3,5,18,16,0,0,30,79,56,277,248,90,157,46,7,4,2,33,17,0,4,50,0,0,0,0,305,0,0,71,0,79,0,21,0,0,0,0,1,0,3,67,47,21,17,0,41,12,12,0,0,21,0,11,0,19,65,22,28,28,1,12,6,8,0,0,18,0,43,0,58,268,39,33,46,3,73,13,22,0,0,12,220,65,277,239,65,147,39,5,6,11,59,21,0,7,47
E02006004,5436,0,0,0,0,331,0,0,67,0,58,0,17,0,0,0,0,10,0,2,67,50,11,12,4,15,17,5,1,0,11,0,17,0,18,36,23,27,22,0,2,12,10,0,0,27,0,63,0,84,244,32,52,34,5,9,13,13,0,0,19,108,97,307,379,102,111,58,11,5,5,26,6,0,1,38,0,0,0,0,293,0,0,53,0,55,0,30,0,0,0,0,3,0,4,55,26,9,13,4,21,5,8,1,0,17,0,13,0,24,61,22,43,24,2,9,3,10,0,0,16,0,55,0,100,266,29,34,37,3,51,11,16,0,0,21,256,78,301,347,53,93,54,2,6,10,39,10,0,2,44
E02006005,9020,0,0,0,0,736,0,0,120,0,162,0,52,0,0,0,0,16,0,17,135,68,27,32,12,47,38,13,1,0,46,0,93,0,186,339,27,176,75,3,4,11,14,0,0,75,0,130,0,160,503,55,78,72,8,17,12,29,2,0,33,45,56,162,235,62,111,31,9,6,8,24,19,0,9,37,0,0,0,0,718,0,0,132,0,147,0,44,0,0,0,0,14,0,37,148,58,69,37,9,69,22,18,3,0,47,0,82,0,202,366,18,146,73,1,59,8,20,1,0,73,0,98,0,144,464,62,58,66,9,117,20,38,3,0,21,86,75,162,221,37,96,29,3,6,11,55,26,0,11,43
E02006006,5495,0,0,0,0,347,0,0,55,0,82,0,36,0,0,0,0,13,0,1,135,66,11,10,5,32,28,9,1,0,30,0,36,0,18,62,46,36,28,1,0,10,15,0,0,40,0,95,0,72,316,51,37,38,7,7,10,18,1,0,21,86,86,209,241,69,137,28,5,6,2,18,13,0,3,43,0,0,0,0,296,0,0,55,0,74,0,30,0,0,0,0,5,0,2,100,46,20,19,8,32,13,7,0,0,29,0,17,0,27,94,20,33,28,2,27,8,16,1,0,14,0,43,0,75,308,45,25,31,9,59,21,26,2,0,19,196,93,211,232,43,126,30,2,4,13,31,12,0,6,38
E02006007,6496,0,0,0,0,485,0,0,66,0,69,0,35,0,0,0,0,4,0,0,105,70,2,8,7,24,16,10,2,0,28,0,17,0,22,53,48,32,25,3,3,13,12,0,0,40,0,62,0,82,364,35,43,42,4,1,15,15,0,0,30,103,73,325,386,123,153,50,9,9,4,22,25,0,8,46,0,0,0,0,395,0,1,63,0,53,0,23,0,0,0,0,7,0,1,78,37,7,14,8,18,13,17,0,0,16,0,18,0,32,76,21,36,35,2,14,5,13,0,0,25,0,35,0,85,396,35,42,34,8,58,19,23,0,0,21,266,97,325,372,69,139,43,6,8,17,56,19,0,10,57
