learning_rate,hidden_channels,final_loss,religion_compliance,ethnicity_compliance,size_distribution_accuracy,overall_accuracy,religion_accuracy_percent,ethnicity_accuracy_percent,size_distribution_accuracy_percent,overall_accuracy_percent,training_time_seconds,training_time_str,area_code,num_persons,num_households,num_epochs
0.001,64,8.794421195983887,0.5465393794749404,0.706273440163655,0.8149932026863098,0.5961366402556211,54.653937947494036,70.6273440163655,81.49932026863098,59.61366402556211,216.2357256412506,0:03:36,E02005940,5866,2593,300
0.001,128,7.607367038726807,0.6714967609955677,0.7725877940675077,0.8104265928268433,0.6632697917457493,67.14967609955677,77.25877940675076,81.04265928268433,66.32697917457493,275.838121175766,0:04:35,E02005940,5866,2593,300
0.001,256,4.253809452056885,0.843163995908626,0.8612342311626321,0.8125314116477966,0.8387022357963678,84.3163995908626,86.12342311626321,81.25314116477966,83.87022357963679,2980.6451513767242,0:49:40,E02005940,5866,2593,300
0.0005,64,9.731093406677246,0.43914081145584727,0.6380838731674053,0.8545570373535156,0.5299962317216043,43.914081145584724,63.808387316740536,85.45570373535156,52.999623172160426,187.4052381515503,0:03:07,E02005940,5866,2593,300
0.0005,128,8.76601791381836,0.5405727923627685,0.6854756222297989,0.8129100799560547,0.5840236331836949,54.05727923627685,68.54756222297989,81.29100799560547,58.40236331836949,271.89194226264954,0:04:31,E02005940,5866,2593,300
0.0005,256,4.874184608459473,0.8221957040572793,0.825946130242073,0.7862889766693115,0.7979189881155038,82.21957040572792,82.59461302420729,78.62889766693115,79.79189881155038,2911.164898633957,0:48:31,E02005940,5866,2593,300
0.0001,64,11.303482055664062,0.4062393453801568,0.6246164336856461,0.9347950220108032,0.5197113705725951,40.62393453801568,62.46164336856461,93.47950220108032,51.97113705725951,108.30486679077148,0:01:48,E02005940,5866,2593,300
0.0001,128,11.143646240234375,0.4079440845550631,0.6322877599727241,0.947608232498169,0.5264946254617396,40.79440845550631,63.228775997272415,94.7608232498169,52.649462546173964,127.87368512153625,0:02:07,E02005940,5866,2593,300
0.0001,256,10.308077812194824,0.44186839413569723,0.6326287078077054,0.8540271520614624,0.5272214146774863,44.18683941356972,63.26287078077054,85.40271520614624,52.72214146774863,969.7568306922913,0:16:09,E02005940,5866,2593,300
