learning_rate,hidden_channels,final_loss,religion_compliance,ethnicity_compliance,size_distribution_accuracy,overall_accuracy,training_time,is_best
0.001,64,8.794421195983887,0.5465393794749404,0.706273440163655,0.8149932026863098,0.5961366402556211,0:03:36,False
0.001,128,7.607367038726807,0.6714967609955677,0.7725877940675077,0.8104265928268433,0.6632697917457493,0:04:35,False
0.001,256,4.253809452056885,0.843163995908626,0.8612342311626321,0.8125314116477966,0.8387022357963678,0:49:40,True
0.0005,64,9.731093406677246,0.43914081145584727,0.6380838731674053,0.8545570373535156,0.5299962317216043,0:03:07,False
0.0005,128,8.76601791381836,0.5405727923627685,0.6854756222297989,0.8129100799560547,0.5840236331836949,0:04:31,False
0.0005,256,4.874184608459473,0.8221957040572793,0.825946130242073,0.7862889766693115,0.7979189881155038,0:48:31,False
0.0001,64,11.303482055664062,0.4062393453801568,0.6246164336856461,0.9347950220108032,0.5197113705725951,0:01:48,False
0.0001,128,11.143646240234375,0.4079440845550631,0.6322877599727241,0.947608232498169,0.5264946254617396,0:02:07,False
0.0001,256,10.308077812194824,0.44186839413569723,0.6326287078077054,0.8540271520614624,0.5272214146774863,0:16:09,False
