learning_rate,hidden_channels,final_loss,average_accuracy,training_time,rmse,best_model
0.001,64,6.607148170471191,0.4183596571286519,0:00:41,57.05282362800318,False
0.001,128,3.67478609085083,0.684225598971049,0:00:40,39.06737117714359,False
0.001,256,1.5491223335266113,0.9931049346923828,0:00:51,5.642503270637846,True
0.0005,64,9.048979759216309,0.0,0:00:42,5.642503270637846,False
0.0005,128,4.927657127380371,0.34429017702738446,0:00:40,5.642503270637846,False
0.0005,256,2.1855738162994385,0.9812047084172567,0:00:51,5.642503270637846,False
0.0001,64,11.827735900878906,0.0,0:00:42,5.642503270637846,False
0.0001,128,11.349357604980469,0.0,0:00:39,5.642503270637846,False
0.0001,256,9.998804092407227,0.0,0:00:49,5.642503270637846,False
