epochs,losses,size_losses,religion_losses,ethnicity_losses,household_composition_losses,religion_accuracies,ethnicity_accuracies,household_composition_accuracies,size_distribution_accuracies,overall_accuracies,cumulative_time_seconds,epoch_time_seconds,tau_values,learning_rate,hidden_channels,combination_id
1,43.674591064453125,0.09852930158376694,13.506671905517578,13.73537826538086,16.334009170532227,40.18070235254006,62.171837708830544,12.188885100579611,94.5438802242279,52.27132634654452,11.266576290130615,11.266576290130615,0.995,0.001,256,lr_0.001_hc_256
2,43.02734375,0.09875059872865677,13.116769790649414,13.797439575195312,16.01438331604004,40.64098192976475,61.84793726559836,12.785543811796796,94.63048577308655,52.476237195061614,21.192298889160156,9.383366584777832,0.990025,0.001,256,lr_0.001_hc_256
3,41.189369201660156,0.10493172705173492,12.21744155883789,13.150152206420898,15.716843605041504,42.17524718718036,62.30821684282305,12.853733378793045,94.39953565597534,52.934183266192946,30.138439893722534,8.478490352630615,0.985074875,0.001,256,lr_0.001_hc_256
4,38.62664794921875,0.11006701737642288,11.478586196899414,11.939587593078613,15.098407745361328,43.01056938288442,61.813842482100235,12.018411183088986,93.99538040161133,52.70955086242124,38.980839014053345,8.392365455627441,0.9801495006250001,0.001,256,lr_0.001_hc_256
5,35.48896026611328,0.13433365523815155,10.298330307006836,10.363153457641602,14.693143844604492,44.44255028980566,61.89907944084555,11.933174224343675,93.93764734268188,53.05311282441919,47.688721656799316,8.25016164779663,0.9752487531218751,0.001,256,lr_0.001_hc_256
6,32.434295654296875,0.17571204900741577,9.40342903137207,8.621747016906738,14.233409881591797,45.51653596999659,62.990112512785544,12.342311626321173,93.24480295181274,53.52344076522901,56.4973783493042,8.358927965164185,0.9703725093562657,0.001,256,lr_0.001_hc_256
7,29.106292724609375,0.2807150185108185,8.478218078613281,6.886815547943115,13.460545539855957,47.22127514490283,62.1036481418343,13.433344698261166,93.67783069610596,54.109024670276064,65.09841585159302,8.150079488754272,0.9655206468094844,0.001,256,lr_0.001_hc_256
8,26.71623992919922,0.5209349393844604,7.894518852233887,5.330453872680664,12.970332145690918,50.306853051483124,64.01295601772928,13.791339924991478,92.21329689025879,55.081111471115676,74.16279220581055,8.624537944793701,0.960693043575437,0.001,256,lr_0.001_hc_256
9,24.36016082763672,0.8642247915267944,7.053414821624756,4.324464321136475,12.118056297302246,52.659393112853735,63.774292533242416,14.047050801227412,89.45887088775635,54.98490183376998,82.76842641830444,8.166072368621826,0.9558895783575597,0.001,256,lr_0.001_hc_256
10,22.900083541870117,1.0972071886062622,6.4664459228515625,4.170450687408447,11.165979385375977,54.60279577224685,64.11524036822365,14.473235594953973,88.80409002304077,55.4988404396163,91.36829161643982,8.155885696411133,0.9511101304657719,0.001,256,lr_0.001_hc_256
11,21.261905670166016,1.261724591255188,6.115242958068848,4.097071647644043,9.787866592407227,55.43811796795091,63.944766450733034,14.012956017729286,88.31034302711487,55.42654586588203,100.00225639343262,8.187501192092896,0.946354579813443,0.001,256,lr_0.001_hc_256
12,19.699012756347656,1.2587254047393799,5.46391487121582,4.2952470779418945,8.681126594543457,57.483804977838396,64.52437777020116,15.632458233890215,88.34230899810791,56.49573749500942,108.61816000938416,8.139617681503296,0.9416228069143757,0.001,256,lr_0.001_hc_256
13,17.556583404541016,1.095065712928772,5.087131977081299,4.113858699798584,7.260526657104492,58.677122400272765,64.88237299693147,14.848278213433344,87.1004045009613,56.37704452789972,117.30814671516418,8.249886751174927,0.9369146928798039,0.001,256,lr_0.001_hc_256
14,15.59339427947998,0.9134669899940491,4.448185920715332,4.130594730377197,6.101146697998047,60.109103307194,65.9052165018752,16.553017388339583,85.86058616638184,57.10698084094765,125.94199109077454,8.181739330291748,0.9322301194154049,0.001,256,lr_0.001_hc_256
15,14.086862564086914,0.8493250608444214,4.21173095703125,3.8292288780212402,5.196577548980713,61.16604159563587,66.5871121718377,17.337197408796452,86.37771010398865,57.86701532006467,135.25830006599426,8.86986780166626,0.9275689688183278,0.001,256,lr_0.001_hc_256
16,12.583197593688965,0.8545635938644409,3.625715732574463,3.5868637561798096,4.516054153442383,63.944766450733034,68.20661438799863,17.541766109785204,86.6921603679657,59.096326829120635,144.05796146392822,8.379726886749268,0.9229311239742362,0.001,256,lr_0.001_hc_256
17,11.516704559326172,0.7908682227134705,3.2447478771209717,3.171114444732666,4.309974193572998,66.85987043982271,69.24650528469144,17.763382202523015,85.44214367866516,59.82797540142558,153.0782527923584,8.577913999557495,0.918316468354365,0.001,256,lr_0.001_hc_256
18,9.81801986694336,0.7953938841819763,2.6269474029541016,2.693157434463501,3.702521800994873,68.6327991817252,69.72383225366518,18.17251960450051,83.94371271133423,60.11821593780628,161.97218561172485,8.433985948562622,0.9137248860125932,0.001,256,lr_0.001_hc_256
19,9.512340545654297,0.8182547092437744,2.322859287261963,2.6976311206817627,3.673595666885376,70.6273440163655,70.57620184111832,19.29764745993863,84.07326340675354,61.14361418104399,170.9736201763153,8.545158863067627,0.9091562615825302,0.001,256,lr_0.001_hc_256
20,8.465071678161621,0.8398847579956055,1.856054663658142,2.4973251819610596,3.271806478500366,72.11046709853393,70.67848619161269,17.712240027275826,81.73844814300537,60.55991036510695,180.16829752922058,8.742685079574585,0.9046104802746175,0.001,256,lr_0.001_hc_256
21,7.720622539520264,0.9438216686248779,1.5924344062805176,2.323770523071289,2.860596179962158,73.32083191271735,71.01943402659393,19.22945789294238,80.47799468040466,61.01192962816459,188.78782677650452,8.135680198669434,0.9000874278732445,0.001,256,lr_0.001_hc_256
22,7.239254951477051,0.9206647872924805,1.2648710012435913,2.2319910526275635,2.821727752685547,75.34947153085578,71.29219229457892,19.843163995908625,80.47423958778381,61.73976685228178,197.46588468551636,8.20784592628479,0.8955869907338783,0.001,256,lr_0.001_hc_256
23,6.6862993240356445,0.9584596753120422,0.9237150549888611,2.1506965160369873,2.653428077697754,77.34401636549609,71.88885100579611,20.354585748380497,77.84229516983032,61.85743707237575,206.3480806350708,8.448240280151367,0.8911090557802088,0.001,256,lr_0.001_hc_256
24,6.458150863647461,0.9647486805915833,0.8743058443069458,1.9263818264007568,2.6927146911621094,77.5144902829867,72.00818274803954,20.473917490623936,77.46901512145996,61.86640141077754,214.97778987884521,8.167098045349121,0.8866535105013078,0.001,256,lr_0.001_hc_256
25,6.026658535003662,0.8861760497093201,0.6904496550559998,2.0399625301361084,2.4100704193115234,78.63961813842482,71.83770883054893,21.070576201841117,74.9706506729126,61.62963846093186,223.77817964553833,8.361891508102417,0.8822202429488013,0.001,256,lr_0.001_hc_256
26,5.669976234436035,0.9123862385749817,0.5162540078163147,1.8311175107955933,2.4102184772491455,80.63416297306512,72.31503579952268,22.45141493351517,74.94401931762695,62.586158255932475,232.39394283294678,8.147923469543457,0.8778091417340573,0.001,256,lr_0.001_hc_256
27,5.355100631713867,0.8421955704689026,0.46367937326431274,1.734141230583191,2.315084457397461,80.90692124105013,73.52540061370611,23.35492669621548,77.67646312713623,63.86592791952699,241.10787773132324,8.269900798797607,0.8734200960253871,0.001,256,lr_0.001_hc_256
28,5.414497375488281,0.8349350690841675,0.4409211277961731,1.819065809249878,2.319575309753418,81.35015342652574,73.37197408796455,22.63893624275486,74.36553239822388,62.931649038867256,249.7462031841278,8.18303918838501,0.8690529955452602,0.001,256,lr_0.001_hc_256
29,5.075562477111816,0.8165277242660522,0.38705217838287354,1.607280969619751,2.2647018432617188,81.89566996249575,73.88339584043642,23.74701670644391,75.66301822662354,63.7972751839999,259.33149766921997,9.1038339138031,0.8647077305675338,0.001,256,lr_0.001_hc_256
30,4.884366035461426,0.8090189695358276,0.3400869071483612,1.5428516864776611,2.192408323287964,82.57756563245823,74.37777020115922,24.12205932492329,74.35309290885925,63.85762201684999,268.1122102737427,8.31879186630249,0.8603841919146962,0.001,256,lr_0.001_hc_256
31,4.671474933624268,0.7584550976753235,0.3247796595096588,1.5226140022277832,2.0656261444091797,82.91851346743948,75.14490282986704,24.105011933174225,75.62394142150879,64.44809241299738,276.947793006897,8.365196466445923,0.8560822709551227,0.001,256,lr_0.001_hc_256
32,4.47578239440918,0.7465582489967346,0.30913326144218445,1.4429670572280884,1.977123737335205,83.48107739515854,75.58813501534264,24.173201500170475,74.62822198867798,64.46765897483742,286.23949432373047,8.851642608642578,0.851801859600347,0.001,256,lr_0.001_hc_256
33,4.192688465118408,0.7160355448722839,0.3033542335033417,1.3655740022659302,1.8077248334884644,83.25946130242073,76.42345721104671,26.66212069553358,73.7395167350769,65.02113898601948,295.0541157722473,8.36642336845398,0.8475428503023453,0.001,256,lr_0.001_hc_256
34,4.232183456420898,0.70000159740448,0.3274950683116913,1.41803777217865,1.7866488695144653,83.12308216842823,75.75860893283327,26.54278895329015,74.44767355918884,64.96803840343513,303.76766896247864,8.226537942886353,0.8433051360508336,0.001,256,lr_0.001_hc_256
35,4.138301372528076,0.7209306359291077,0.3073482811450958,1.4091813564300537,1.7008408308029175,82.78213433344698,76.23593590180703,28.07705421070576,74.93221759796143,65.5068355109803,312.8277680873871,8.610102891921997,0.8390886103705794,0.001,256,lr_0.001_hc_256
36,3.9894440174102783,0.7281220555305481,0.30835142731666565,1.3377898931503296,1.6151807308197021,83.46403000340948,76.55983634503922,27.088305489260144,73.52834939956665,65.16013030931887,321.8754162788391,8.576020240783691,0.8348931673187264,0.001,256,lr_0.001_hc_256
37,3.7506251335144043,0.7249128222465515,0.29968440532684326,1.2640284299850464,1.461999535560608,83.22536651892261,76.35526764405046,29.44084555063075,74.08482432365417,65.7765760093145,330.6976089477539,8.36305022239685,0.8307187014821328,0.001,256,lr_0.001_hc_256
38,3.74057674407959,0.7257087230682373,0.30782464146614075,1.2086478471755981,1.498395562171936,83.46403000340948,77.41220593249233,29.747698602113875,72.87060022354126,65.87363369038923,339.4677731990814,8.280149459838867,0.8265651079747222,0.001,256,lr_0.001_hc_256
39,3.57688045501709,0.7000330686569214,0.2762860059738159,1.2039510011672974,1.396610140800476,84.00954653937947,77.68496420047732,31.5035799522673,72.80154228210449,66.49990824355714,348.3964960575104,8.466796159744263,0.8224322824348486,0.001,256,lr_0.001_hc_256
40,3.54740571975708,0.6818525791168213,0.2992999255657196,1.2206565141677856,1.3455969095230103,83.6856460961473,77.2417320150017,31.418342993521993,73.83856773376465,66.54607220960891,357.47814774513245,8.600621938705444,0.8183201210226743,0.001,256,lr_0.001_hc_256
41,3.539958953857422,0.7010952830314636,0.2990350127220154,1.1849374771118164,1.354891300201416,83.37879304466416,78.45209682918514,30.941016024548247,73.2221245765686,66.49850761874154,366.33255910873413,8.404014348983765,0.8142285204175609,0.001,256,lr_0.001_hc_256
42,3.4800047874450684,0.6821606159210205,0.29774799942970276,1.1504096984863281,1.349686622619629,83.73678827139447,78.16229116945107,30.75349471530856,73.70043992996216,66.58825352152907,375.2908523082733,8.471405744552612,0.810157377815473,0.001,256,lr_0.001_hc_256
43,3.477630615234375,0.6688823103904724,0.3147456645965576,1.2256988286972046,1.2683037519454956,84.43573133310603,79.18513467439482,32.35594953972043,73.94670248031616,67.48087950688436,385.063111782074,9.333059787750244,0.8061065909263957,0.001,256,lr_0.001_hc_256
44,3.1799607276916504,0.6594188809394836,0.2865864038467407,1.0067650079727173,1.2271904945373535,84.24821002386635,79.56017729287419,33.25946130242073,74.15276765823364,67.80515406934873,393.77254462242126,8.25035285949707,0.8020760579717637,0.001,256,lr_0.001_hc_256
45,3.14546537399292,0.6405512690544128,0.31684571504592896,0.9955167174339294,1.192551612854004,84.07773610637572,80.20797817933855,32.509376065461986,71.73851728439331,67.13340190889238,402.4580364227295,8.218668460845947,0.798065677681905,0.001,256,lr_0.001_hc_256
46,3.2051143646240234,0.671593964099884,0.321907103061676,0.9956183433532715,1.2159950733184814,84.1800204568701,80.29321513808387,33.08898738493011,74.65087175369263,68.05327368339418,411.1573574542999,8.232292175292969,0.7940753492934954,0.001,256,lr_0.001_hc_256
47,3.1123340129852295,0.6784001588821411,0.28429433703422546,0.9927404522895813,1.1568989753723145,84.23116263211729,80.17388339584043,32.90146607569042,74.29088950157166,67.89935040130494,420.7926826477051,9.167752742767334,0.7901049725470279,0.001,256,lr_0.001_hc_256
48,3.0951128005981445,0.6793196201324463,0.28767430782318115,0.9159506559371948,1.2121680974960327,84.94715308557791,81.5547221275145,32.79918172519605,72.85704016685486,68.03952427628583,430.0157024860382,8.706202268600464,0.7861544476842928,0.001,256,lr_0.001_hc_256
49,3.090343713760376,0.6514924168586731,0.312410444021225,0.9380007386207581,1.1884400844573975,84.89601091033072,80.88987384930105,32.42413910671667,73.25162887573242,67.86541318552023,438.75312066078186,8.26563811302185,0.7822236754458713,0.001,256,lr_0.001_hc_256
50,2.9800562858581543,0.6357972621917725,0.30399128794670105,0.9082053303718567,1.1320624351501465,84.43573133310603,81.40129560177293,34.14592567337198,71.53643369674683,67.87984657624943,448.6571640968323,9.434166431427002,0.778312557068642,0.001,256,lr_0.001_hc_256
51,2.8671493530273438,0.6636428833007812,0.2949213683605194,0.8038308024406433,1.1047543287277222,84.9982952608251,81.26491646778044,34.84486873508354,71.33547067642212,68.1108877850278,457.71951508522034,8.59034013748169,0.7744209942832988,0.001,256,lr_0.001_hc_256
52,2.8146181106567383,0.6440736651420593,0.29878753423690796,0.7942978739738464,1.0774592161178589,84.79372655983634,82.44118649846574,34.11183088987385,73.54142665863037,68.72204265170157,466.457396030426,8.295452117919922,0.7705488893118823,0.001,256,lr_0.001_hc_256
53,2.8816416263580322,0.6484150886535645,0.3275822401046753,0.8553425073623657,1.0503017902374268,84.7255369928401,82.03204909648824,34.998295260825095,74.12390112876892,68.9699456197306,475.51021242141724,8.581669807434082,0.7666961448653229,0.001,256,lr_0.001_hc_256
54,2.7300596237182617,0.648464024066925,0.2968028783798218,0.7038160562515259,1.0809767246246338,85.03239004432321,83.0889873849301,35.91885441527447,73.2527494430542,69.3232453218955,484.4670789241791,8.508603811264038,0.7628626641409962,0.001,256,lr_0.001_hc_256
55,2.7740871906280518,0.6590994596481323,0.298473984003067,0.7286810874938965,1.0878326892852783,84.5891578588476,83.66859870439822,36.0381861575179,73.98354411125183,69.56987170800389,493.2595200538635,8.32439398765564,0.7590483508202912,0.001,256,lr_0.001_hc_256
56,2.75459361076355,0.6331050992012024,0.2836490571498871,0.7683135867118835,1.069525957107544,85.18581657006477,83.27650869416979,36.3109444255029,71.89418077468872,69.16686261610656,502.45826411247253,8.74317979812622,0.7552531090661897,0.001,256,lr_0.001_hc_256
57,2.746513605117798,0.6360103487968445,0.2965306341648102,0.7955491542816162,1.0184234380722046,85.18581657006477,83.31060347766793,35.86771224002728,72.6753830909729,69.25987884468321,512.0371577739716,9.115062236785889,0.7514768435208588,0.001,256,lr_0.001_hc_256
58,2.5763299465179443,0.6121754050254822,0.2985292971134186,0.6758853793144226,0.9897398948669434,85.61200136379134,83.87316740538697,37.24855097170133,72.68048524856567,69.85355124736132,520.8088796138763,8.310200929641724,0.7477194593032545,0.001,256,lr_0.001_hc_256
59,2.558225154876709,0.6043792366981506,0.28189510107040405,0.672356128692627,0.9995947480201721,85.54381179679508,83.82202523013979,36.87350835322196,70.47563791275024,69.17874582322676,529.797785282135,8.52291488647461,0.7439808620067382,0.001,256,lr_0.001_hc_256
60,2.62770414352417,0.6292977333068848,0.2827843427658081,0.7076277732849121,1.007994294166565,85.66314353903851,83.6856460961473,37.487214456188205,72.04761505126953,69.72090478566089,538.5267131328583,8.243582487106323,0.7402609576967045,0.001,256,lr_0.001_hc_256
61,2.5415215492248535,0.6215581297874451,0.30192831158638,0.6280942559242249,0.9899408221244812,85.62904875554041,84.52096829185135,37.367882713944766,71.17470502853394,69.6731511974676,547.1293551921844,8.164725065231323,0.736559652908221,0.001,256,lr_0.001_hc_256
62,2.558858871459961,0.6045551896095276,0.28435954451560974,0.6701399683952332,0.9998042583465576,85.74838049778384,84.23116263211729,37.7599727241732,71.11808061599731,69.71439911751791,556.8092823028564,9.204954624176025,0.7328768546436799,0.001,256,lr_0.001_hc_256
63,2.5426580905914307,0.61772221326828,0.29812175035476685,0.6899904608726501,0.9368235468864441,85.32219570405728,84.74258438458916,38.11796795090351,73.56806993484497,70.43770449359873,565.710414648056,8.449769258499146,0.7292124703704616,0.001,256,lr_0.001_hc_256
64,2.526897430419922,0.6139434576034546,0.2929685711860657,0.6472606658935547,0.9727246165275574,85.56085918854416,84.5380156836004,37.981588816911014,74.44943189620972,70.63247389631633,574.4869799613953,8.280291318893433,0.7255664080186093,0.001,256,lr_0.001_hc_256
65,2.4345357418060303,0.6333264708518982,0.30029842257499695,0.6104328036308289,0.8904781341552734,85.64609614728947,85.18581657006477,37.981588816911014,73.12483191490173,70.48458336229174,583.2341763973236,8.281968593597412,0.7219385759785162,0.001,256,lr_0.001_hc_256
66,2.5756757259368896,0.6222496032714844,0.27397388219833374,0.6418452858924866,1.037606954574585,85.59495397204228,85.59495397204228,38.27139447664507,70.72525024414062,70.04663816621756,592.1837844848633,8.48835277557373,0.7183288830986236,0.001,256,lr_0.001_hc_256
67,2.4232754707336426,0.6165918111801147,0.28899911046028137,0.6201323866844177,0.8975523114204407,85.32219570405728,85.23695874531197,39.08966928060007,71.8839704990387,70.383198557252,600.9013760089874,8.28074049949646,0.7147372386831305,0.001,256,lr_0.001_hc_256
68,2.40274715423584,0.6099510192871094,0.2723255157470703,0.5799781084060669,0.9404923915863037,85.47562222979884,85.68019093078759,38.88510057961132,72.71668910980225,70.6894007125,610.4139666557312,9.039690017700195,0.7111635524897149,0.001,256,lr_0.001_hc_256
69,2.406235456466675,0.608761191368103,0.2953227460384369,0.5966241359710693,0.9055273532867432,85.64609614728947,85.7654278895329,38.32253665189226,72.27122187614441,70.50132064121476,619.3364584445953,8.403510332107544,0.7076077347272662,0.001,256,lr_0.001_hc_256
70,2.352329730987549,0.6119798421859741,0.2799418568611145,0.5921576023101807,0.8682504296302795,85.88475963177635,85.56085918854416,39.890896692806,71.34568095207214,70.67054911629967,628.283593416214,8.484013557434082,0.7040696960536299,0.001,256,lr_0.001_hc_256
71,2.2865729331970215,0.6519449949264526,0.25722429156303406,0.5602646470069885,0.8171389698982239,86.49846573474258,85.64609614728947,41.067166723491304,72.11157083511353,71.33082486015921,637.7893977165222,9.024065017700195,0.7005493475733617,0.001,256,lr_0.001_hc_256
72,2.3127946853637695,0.6381226181983948,0.26517221331596375,0.5692979097366333,0.8402019739151001,86.17456529151039,85.64609614728947,40.38527105352881,71.91172242164612,71.0294137284937,647.8039047718048,9.537378311157227,0.697046600835495,0.001,256,lr_0.001_hc_256
73,2.3458220958709717,0.6548312902450562,0.2631971538066864,0.5246151685714722,0.9031784534454346,85.79952267303102,86.65189226048415,40.09546539379475,70.7632064819336,70.82752170231088,657.1035642623901,8.748127937316895,0.6935613678313175,0.001,256,lr_0.001_hc_256
74,2.231870651245117,0.6329686045646667,0.25066080689430237,0.5262168645858765,0.8220243453979492,86.56665530173883,85.86771224002727,41.51039890896693,71.12605571746826,71.26770554205034,666.3771131038666,8.778532981872559,0.6900935609921609,0.001,256,lr_0.001_hc_256
75,2.286254405975342,0.6243788003921509,0.26975345611572266,0.584355890750885,0.8077661395072937,86.19161268325946,85.86771224002727,41.80020456870099,72.72801399230957,71.64688587107432,675.467767238617,8.612224340438843,0.6866430931872001,0.001,256,lr_0.001_hc_256
76,2.307535409927368,0.6341559290885925,0.25621992349624634,0.5359405279159546,0.8812190890312195,86.37913399249915,86.0381861575179,41.91953631094443,72.14553952217102,71.62059899578313,684.7745938301086,8.82618260383606,0.6832098777212641,0.001,256,lr_0.001_hc_256
77,2.1879544258117676,0.6240051984786987,0.24999020993709564,0.49438050389289856,0.8195785284042358,86.75417661097852,86.78827139447665,40.40231844527787,72.88256287574768,71.70683233162019,693.5462455749512,8.295834302902222,0.6797938283326578,0.001,256,lr_0.001_hc_256
78,2.2078680992126465,0.6039707660675049,0.2604517638683319,0.5258187651634216,0.8176266551017761,86.25980225025572,86.29389703375384,42.5673371974088,70.92111110687256,71.51053689707271,702.8831417560577,8.87226939201355,0.6763948591909945,0.001,256,lr_0.001_hc_256
79,2.2269721031188965,0.6096173524856567,0.25947844982147217,0.49430376291275024,0.8635725378990173,86.37913399249915,86.63484486873509,40.94783498124787,69.92315649986267,70.9712425855862,712.3064963817596,8.947011232376099,0.6730128848950395,0.001,256,lr_0.001_hc_256
80,2.2715187072753906,0.6244117021560669,0.2495308369398117,0.5673339366912842,0.8302420973777771,87.02693487896352,86.68598704398227,41.90248891919536,70.76432704925537,71.59493447284913,721.9186854362488,9.15878939628601,0.6696478204705644,0.001,256,lr_0.001_hc_256
81,2.1544861793518066,0.6524474024772644,0.25673118233680725,0.47997745871543884,0.7653299570083618,86.24275485850666,86.92465052846914,42.17524718718036,72.44044542312622,71.94577449932059,731.3574187755585,8.948498725891113,0.6662995813682115,0.001,256,lr_0.001_hc_256
82,2.1479036808013916,0.6341910362243652,0.24277865886688232,0.5014011263847351,0.7695329785346985,86.25980225025572,86.78827139447665,42.2945789294238,71.12717628479004,71.61745721473655,740.3840012550354,8.573205947875977,0.6629680834613705,0.001,256,lr_0.001_hc_256
83,2.1158084869384766,0.6422017812728882,0.24038249254226685,0.45881614089012146,0.7744080424308777,86.41322877599727,86.77122400272759,42.857142857142854,71.7436134815216,71.94630227934734,749.4524822235107,8.596200704574585,0.6596532430440636,0.001,256,lr_0.001_hc_256
84,2.176157236099243,0.6456707715988159,0.24963071942329407,0.4681073725223541,0.8127484321594238,86.85646096147289,86.92465052846914,42.823048073644735,70.6963837146759,71.82513581956567,759.1759510040283,9.255671739578247,0.6563549768288433,0.001,256,lr_0.001_hc_256
85,2.0912435054779053,0.6480171084403992,0.25070062279701233,0.44580042362213135,0.74672532081604,86.9416979202182,87.00988748721446,44.03341288782816,71.17246985435486,72.28936703740392,768.3176319599152,8.664234399795532,0.653073201944699,0.001,256,lr_0.001_hc_256
86,2.1519551277160645,0.6480602622032166,0.24291379749774933,0.48378413915634155,0.7771968841552734,86.24275485850666,87.14626662120696,44.135697238322535,71.23754024505615,72.19056474077308,777.3505501747131,8.57607102394104,0.6498078359349755,0.001,256,lr_0.001_hc_256
87,2.129092216491699,0.6366788148880005,0.239241361618042,0.4899786412715912,0.7631933689117432,87.12921922945789,87.33378793044663,43.897033753835665,71.47247791290283,72.45812970666076,786.3177061080933,8.500816822052002,0.6465587967553006,0.001,256,lr_0.001_hc_256
88,2.059487819671631,0.6563099026679993,0.2247888743877411,0.4661349058151245,0.7122540473937988,87.04398227071259,87.2655983634504,44.66416638254347,70.07881999015808,72.26314175171613,795.2270066738129,8.463366508483887,0.6433260027715241,0.001,256,lr_0.001_hc_256
89,2.1434032917022705,0.6425267457962036,0.24351432919502258,0.48787280917167664,0.7694894075393677,87.11217183770883,87.06102966246164,44.91987725877941,71.09320163726807,72.54657009905449,804.221843957901,8.51945424079895,0.6401093727576664,0.001,256,lr_0.001_hc_256
90,2.038638114929199,0.6517207026481628,0.19908593595027924,0.457269549369812,0.7305619716644287,87.14626662120696,86.89055574497102,44.93692465052847,71.15093469619751,72.53117042822599,813.3477697372437,8.670260906219482,0.6369088258938781,0.001,256,lr_0.001_hc_256
91,2.066490650177002,0.6402218341827393,0.22998332977294922,0.4446653127670288,0.7516200542449951,86.9928400954654,87.3508353221957,44.66416638254347,71.6179370880127,72.65644472205432,822.3513507843018,8.509206056594849,0.6337242817644086,0.001,256,lr_0.001_hc_256
92,2.0943830013275146,0.6765871047973633,0.22517026960849762,0.4521731436252594,0.7404525876045227,87.43607228094102,87.43607228094102,44.51073985680191,71.19113206863403,72.6435041218295,831.3660047054291,8.547099113464355,0.6305556603555866,0.001,256,lr_0.001_hc_256
93,2.052155017852783,0.6582013368606567,0.24548345804214478,0.4246019124984741,0.7238682508468628,87.23150357995226,87.55540402318445,44.56188203204909,72.0878005027771,72.85914753449072,840.585780620575,8.745261430740356,0.6274028820538087,0.001,256,lr_0.001_hc_256
94,2.027873992919922,0.658204197883606,0.21654748916625977,0.43768203258514404,0.7154403924942017,87.38493010569383,87.4019774974429,44.30617115581316,71.4764654636383,72.64238605564705,850.3378884792328,9.28326416015625,0.6242658676435396,0.001,256,lr_0.001_hc_256
95,2.05257248878479,0.6665165424346924,0.21776002645492554,0.45611855387687683,0.7121773958206177,87.708830548926,87.99863620866007,45.874531196726906,69.87786293029785,72.86496522115272,859.2081356048584,8.38825535774231,0.6211445383053219,0.001,256,lr_0.001_hc_256
96,1.9991117715835571,0.6282792091369629,0.21852116286754608,0.4328279197216034,0.719483494758606,87.36788271394477,87.91339924991476,44.493692465052845,70.48298120498657,72.56448890847473,868.2164008617401,8.562563180923462,0.6180388156137953,0.001,256,lr_0.001_hc_256
97,1.973883867263794,0.6316523551940918,0.21059754490852356,0.4333084225654602,0.6983255743980408,87.74292533242414,87.87930446641664,45.192635526764406,70.05505561828613,72.71748023597283,876.9363131523132,8.278372764587402,0.6149486215357263,0.001,256,lr_0.001_hc_256
98,2.124030590057373,0.6505175828933716,0.26620498299598694,0.5195214748382568,0.6877864599227905,86.9416979202182,87.86225707466757,46.5564268666894,72.11779356002808,73.36954385540082,886.4933602809906,9.093289613723755,0.6118738784280476,0.001,256,lr_0.001_hc_256
99,1.9866629838943481,0.663776695728302,0.21537572145462036,0.4286739230155945,0.6788367033004761,87.6235935901807,87.708830548926,44.98806682577566,70.11502981185913,72.60888019418537,895.3720455169678,8.430481910705566,0.6088145090359074,0.001,256,lr_0.001_hc_256
100,1.90334951877594,0.6672554612159729,0.16248135268688202,0.38798367977142334,0.6856290102005005,88.22025230139788,88.28844186839414,45.61882032049097,70.42524218559265,73.13818916896892,904.3973431587219,8.573318481445312,0.6057704364907278,0.001,256,lr_0.001_hc_256
101,1.931138515472412,0.6593642234802246,0.1872987151145935,0.3860167860984802,0.698458731174469,87.98158881691101,88.18615751789977,45.41425161950222,70.32906413078308,72.97776552127402,913.1901428699493,8.32220983505249,0.6027415843082742,0.001,256,lr_0.001_hc_256
102,1.9909861087799072,0.661098837852478,0.19796141982078552,0.4439540207386017,0.6879717707633972,87.55540402318445,88.10092055915445,46.18138424821002,71.72894477844238,73.39166340224783,922.1343865394592,8.482753038406372,0.5997278763867329,0.001,256,lr_0.001_hc_256
103,1.979659080505371,0.6675565838813782,0.21393714845180511,0.3959130048751831,0.7022524476051331,87.11217183770883,88.45891578588476,46.863279918172516,70.43943405151367,73.21845039831994,930.900182723999,8.300204992294312,0.5967292370047992,0.001,256,lr_0.001_hc_256
104,2.020324945449829,0.6571701169013977,0.19673040509223938,0.4841678738594055,0.6822564601898193,87.12921922945789,88.1179679509035,46.249573815206276,71.3083565235138,73.20127937977037,939.6567413806915,8.301154851913452,0.5937455908197752,0.001,256,lr_0.001_hc_256
105,2.049787998199463,0.6726168990135193,0.19410640001296997,0.48369836807250977,0.6993663907051086,88.15206273440164,88.1691101261507,47.22127514490283,69.64802742004395,73.29761885637478,948.5177187919617,8.395088195800781,0.5907768628656763,0.001,256,lr_0.001_hc_256
106,1.9700241088867188,0.6505756378173828,0.1958145946264267,0.4556998312473297,0.6679341197013855,87.74292533242414,88.22025230139788,46.72690078418002,69.95712518692017,73.16180090123055,957.5206491947174,8.541363000869751,0.5878229785513479,0.001,256,lr_0.001_hc_256
107,1.9597480297088623,0.6485700607299805,0.21911655366420746,0.44865360856056213,0.6434078216552734,87.4872144561882,87.79406750767133,46.77804295942721,68.60765218734741,72.66674427765854,966.1656877994537,8.178547382354736,0.5848838636585911,0.001,256,lr_0.001_hc_256
108,1.954782247543335,0.6682687997817993,0.20709770917892456,0.40102648735046387,0.6783893704414368,88.13501534265258,88.3054892601432,46.77804295942721,70.51360607147217,73.43303840842378,974.8855452537537,8.274193525314331,0.5819594443402982,0.001,256,lr_0.001_hc_256
109,1.93137526512146,0.6684343218803406,0.2033444344997406,0.4107941687107086,0.6488023400306702,87.93044664166383,87.96454142516194,47.49403341288782,69.8416531085968,73.3076686470776,983.480574131012,8.155181884765625,0.5790496471185967,0.001,256,lr_0.001_hc_256
110,1.9328669309616089,0.674069344997406,0.1922048032283783,0.4408484101295471,0.6257444620132446,87.8963518581657,87.94749403341288,48.29526082509376,70.48696279525757,73.65651737798248,992.5774776935577,8.624573469161987,0.5761543988830038,0.001,256,lr_0.001_hc_256
111,1.9173340797424316,0.6628735661506653,0.17640897631645203,0.43728315830230713,0.6407684683799744,87.94749403341288,88.23729969314695,46.760995567678144,69.8252260684967,73.19275384068366,1001.6854696273804,8.625044345855713,0.5732736268885887,0.001,256,lr_0.001_hc_256
112,1.9750854969024658,0.6722922325134277,0.20271508395671844,0.4516409635543823,0.6484372019767761,88.13501534265258,87.98158881691101,48.278213433344696,69.78902220726013,73.5459599500421,1011.2542998790741,9.10597276687622,0.5704072587541458,0.001,256,lr_0.001_hc_256
113,1.9527943134307861,0.6545308828353882,0.1991356909275055,0.465978741645813,0.6331490874290466,88.1691101261507,88.22025230139788,48.192976474599384,70.22491693496704,73.70181395927875,1020.1640326976776,8.461349725723267,0.567555222460375,0.001,256,lr_0.001_hc_256
114,1.9476194381713867,0.663311243057251,0.19469329714775085,0.46497416496276855,0.6246407628059387,88.0327309921582,88.40777361063758,48.96010910330719,70.06638050079346,73.8667485517241,1029.1441597938538,8.515745639801025,0.5647174463480732,0.001,256,lr_0.001_hc_256
115,1.9025979042053223,0.6630133390426636,0.18444877862930298,0.45265060663223267,0.602485179901123,88.1691101261507,88.04977838390727,49.74428912376406,69.65090036392212,73.90351949943603,1037.9524750709534,8.341455936431885,0.5618938591163328,0.001,256,lr_0.001_hc_256
116,1.9355053901672363,0.6868385672569275,0.19193197786808014,0.4378240406513214,0.6189108490943909,87.79406750767133,88.3907262188885,49.727241732015,68.59744787216187,73.62737083268418,1046.7514457702637,8.344929695129395,0.5590843898207511,0.001,256,lr_0.001_hc_256
117,1.8890104293823242,0.6798151135444641,0.18584765493869781,0.37992221117019653,0.6434254050254822,87.82816229116945,88.4418683941357,48.46573474258438,69.9169397354126,73.66317629082553,1055.7803015708923,8.55644941329956,0.5562889678716474,0.001,256,lr_0.001_hc_256
118,1.9021425247192383,0.6832100749015808,0.20349158346652985,0.3743886649608612,0.64105224609375,87.96454142516194,88.69757927037163,47.34060688714627,71.40229940414429,73.85125674670603,1064.7002165317535,8.469738006591797,0.5535075230322891,0.001,256,lr_0.001_hc_256
119,1.8805004358291626,0.6772780418395996,0.17885738611221313,0.4077337384223938,0.616631269454956,88.47596317763382,88.54415274463007,49.096488237299695,68.65629553794861,73.69322492437804,1073.9092404842377,8.745689630508423,0.5507399854171277,0.001,256,lr_0.001_hc_256
120,1.9311800003051758,0.6934736371040344,0.20177306234836578,0.4120982587337494,0.6238351464271545,88.0327309921582,88.73167405386975,49.5908625980225,70.23847103118896,74.14843466880986,1082.7130227088928,8.324008703231812,0.547986285490042,0.001,256,lr_0.001_hc_256
121,1.9093232154846191,0.697361171245575,0.18194465339183807,0.4137190282344818,0.616298258304596,88.27139447664507,88.95329014660757,49.8636208660075,69.74085569381714,74.20729029576931,1091.6572484970093,8.498414039611816,0.5452463540625918,0.001,256,lr_0.001_hc_256
122,1.9557749032974243,0.6955581903457642,0.1933564990758896,0.41217172145843506,0.6546884775161743,88.49301056938288,88.799863620866,49.01125127855438,69.52409744262695,73.95705572785755,1100.5134360790253,8.389407396316528,0.5425201222922789,0.001,256,lr_0.001_hc_256
123,1.9542186260223389,0.6956085562705994,0.1905563324689865,0.41648074984550476,0.6515730023384094,88.62938970337538,88.7146266621207,48.70439822707126,69.23143267631531,73.81996181722066,1109.282713651657,8.32291054725647,0.5398075216808175,0.001,256,lr_0.001_hc_256
124,1.9205427169799805,0.7308622598648071,0.17809787392616272,0.3904929757118225,0.6210897564888,89.05557449710194,88.91919536310945,47.85202863961814,69.40240859985352,73.80730177492076,1118.0131001472473,8.260096788406372,0.5371084840724134,0.001,256,lr_0.001_hc_256
125,1.9213495254516602,0.7045472860336304,0.18394064903259277,0.3972278833389282,0.635633647441864,88.73167405386975,88.56120013637914,49.42038868053188,69.52921152114868,74.06061859798237,1126.9268107414246,8.466424226760864,0.5344229416520513,0.001,256,lr_0.001_hc_256
126,1.8842206001281738,0.6929810643196106,0.17998898029327393,0.38612690567970276,0.6251236200332642,88.97033753835663,88.76576883736789,49.88066825775656,70.05505561828613,74.41795756294181,1136.3630285263062,8.942847490310669,0.531750826943791,0.001,256,lr_0.001_hc_256
127,1.965004324913025,0.6861475706100464,0.19676081836223602,0.43754568696022034,0.6445502042770386,88.54415274463007,88.45891578588476,49.77838390726219,69.06842589378357,73.96246958289015,1145.195585012436,8.385594129562378,0.5290920728090721,0.001,256,lr_0.001_hc_256
128,1.9149612188339233,0.6655336022377014,0.21265725791454315,0.44103795289993286,0.5957323312759399,88.52710535288101,88.56120013637914,49.693146948516876,70.80228328704834,74.39593393120634,1153.8992269039154,8.24506163597107,0.5264466124450268,0.001,256,lr_0.001_hc_256
129,1.920207142829895,0.7213528752326965,0.18731199204921722,0.4163820147514343,0.5951602458953857,87.96454142516194,88.76576883736789,50.426184793726556,69.5591926574707,74.17892192843178,1162.7039349079132,8.346744775772095,0.5238143793828016,0.001,256,lr_0.001_hc_256
130,1.9366511106491089,0.7175688743591309,0.19561494886875153,0.4074115455150604,0.6160557270050049,88.81691101261508,88.54415274463007,50.95465393794749,69.86940503120422,74.54628068159921,1171.4918105602264,8.345233917236328,0.5211953074858876,0.001,256,lr_0.001_hc_256
131,1.891768455505371,0.7107058167457581,0.19567474722862244,0.39314916729927063,0.5922387838363647,88.1179679509035,88.47596317763382,49.965905216501874,69.80146169662476,74.090324510416,1180.6869084835052,8.733430862426758,0.5185893309484582,0.001,256,lr_0.001_hc_256
132,1.9176274538040161,0.7347906827926636,0.19865229725837708,0.39438244700431824,0.5898020267486572,88.91919536310945,88.66348448687351,51.02284350494375,68.82727146148682,74.35819870410339,1189.6750535964966,8.504863739013672,0.5159963842937159,0.001,256,lr_0.001_hc_256
133,1.9224495887756348,0.7170363068580627,0.1960097849369049,0.40474092960357666,0.6046625971794128,88.33958404364132,88.64643709512444,50.886464370951245,68.7344491481781,74.15173366447377,1199.0649015903473,8.930081367492676,0.5134164023722473,0.001,256,lr_0.001_hc_256
134,1.923149585723877,0.734149694442749,0.18810810148715973,0.3951006829738617,0.6057910919189453,88.66348448687351,88.98738493010569,50.95465393794749,68.31386089324951,74.22984606204406,1208.3510370254517,8.795395135879517,0.510849320360386,0.001,256,lr_0.001_hc_256
135,1.9059003591537476,0.7177550792694092,0.18616458773612976,0.42476364970207214,0.5772169828414917,88.76576883736789,88.86805318786226,50.78418002045687,68.10046434402466,74.12961659742791,1217.1169035434723,8.282031774520874,0.5082950737585841,0.001,256,lr_0.001_hc_256
136,1.8804481029510498,0.6983996033668518,0.18894553184509277,0.37359046936035156,0.6195124983787537,88.69757927037163,88.86805318786226,50.903511762700305,69.8280930519104,74.57430931821115,1225.990142583847,8.416257858276367,0.5057535983897912,0.001,256,lr_0.001_hc_256
137,1.887336015701294,0.7390918135643005,0.19393675029277802,0.385908305644989,0.5683991312980652,88.61234231162632,88.66348448687351,51.68769178315718,68.53970885276794,74.37580685860623,1234.8704507350922,8.41056776046753,0.5032248303978422,0.001,256,lr_0.001_hc_256
138,1.8544979095458984,0.7068461775779724,0.17388728260993958,0.3839704990386963,0.589793860912323,88.74872144561881,88.91919536310945,51.841118308898736,67.32946634292603,74.20962536513825,1243.7432160377502,8.402592182159424,0.500708706245853,0.001,256,lr_0.001_hc_256
139,1.8855469226837158,0.7174883484840393,0.1815471053123474,0.39592456817626953,0.5905869603157043,89.22604841459257,89.03852710535288,51.73883395840436,68.43667030334473,74.61001994542363,1252.5663850307465,8.352666854858398,0.5,0.001,256,lr_0.001_hc_256
140,1.8554279804229736,0.7085574269294739,0.1814647763967514,0.3715458810329437,0.593859851360321,89.32833276508694,89.15785884759632,52.4036822366178,69.5467472076416,75.10915526423567,1262.050511598587,9.046793222427368,0.5,0.001,256,lr_0.001_hc_256
141,1.8731590509414673,0.7436525225639343,0.18601542711257935,0.36358773708343506,0.5799033641815186,88.76576883736789,89.27719058983975,52.318445277872485,68.89346837997437,74.81371827126362,1270.836245059967,8.320900440216064,0.5,0.001,256,lr_0.001_hc_256
142,1.9090535640716553,0.7391501069068909,0.18460118770599365,0.3913305997848511,0.5939716696739197,88.74872144561881,88.76576883736789,50.68189566996249,69.88185048103333,74.51955910849563,1279.805044412613,8.503652095794678,0.5,0.001,256,lr_0.001_hc_256
143,1.9402155876159668,0.7314637899398804,0.1843537837266922,0.39514344930648804,0.6292546391487122,89.19195363109445,89.22604841459257,51.39788612342312,66.92243814468384,74.1845815784485,1288.6488721370697,8.362415075302124,0.5,0.001,256,lr_0.001_hc_256
144,1.8587952852249146,0.7275980114936829,0.18362019956111908,0.37754544615745544,0.5700316429138184,89.08966928060008,89.10671667234912,51.50017047391749,68.64385604858398,74.58510311886268,1297.4914515018463,8.388289451599121,0.5,0.001,256,lr_0.001_hc_256
145,1.8647098541259766,0.7233133912086487,0.18045012652873993,0.39292633533477783,0.5680199265480042,89.15785884759632,88.69757927037163,50.92055915444937,69.43127512931824,74.55181810043389,1306.3893828392029,8.433496236801147,0.5,0.001,256,lr_0.001_hc_256
146,1.8727978467941284,0.7156261205673218,0.18792946636676788,0.40484732389450073,0.5643949508666992,89.03852710535288,88.95329014660757,52.91510398908967,67.90173053741455,74.70216294461616,1315.3103349208832,8.45686936378479,0.5,0.001,256,lr_0.001_hc_256
147,1.832939624786377,0.7161824107170105,0.18994839489459991,0.3696567714214325,0.5571519732475281,88.86805318786226,89.20900102284351,53.426525741561534,68.36761236190796,74.96779807854381,1324.1486423015594,8.373682260513306,0.5,0.001,256,lr_0.001_hc_256
148,1.8540403842926025,0.7135900855064392,0.1730244904756546,0.3779538571834564,0.5894718766212463,89.00443232185475,89.07262188885102,51.108080463689056,71.23419046401978,75.10483128460365,1332.9521145820618,8.359651327133179,0.5,0.001,256,lr_0.001_hc_256
149,1.8726580142974854,0.7390890121459961,0.18461626768112183,0.36210840940475464,0.586844265460968,89.37947494033412,89.10671667234912,52.33549266962155,68.58612298965454,74.85195181798984,1341.7734134197235,8.378299951553345,0.5,0.001,256,lr_0.001_hc_256
150,1.8861559629440308,0.7142807245254517,0.19011449813842773,0.39033982157707214,0.5914208889007568,88.76576883736789,88.799863620866,52.86396181384249,67.60571002960205,74.5088260754196,1350.6579616069794,8.410924434661865,0.5,0.001,256,lr_0.001_hc_256
151,1.8636808395385742,0.7236263155937195,0.18696555495262146,0.3631882071495056,0.5899006724357605,88.73167405386975,89.12376406409818,51.80702352540061,68.98804306983948,74.66262617830202,1359.4732792377472,8.337662935256958,0.5,0.001,256,lr_0.001_hc_256
152,1.870225191116333,0.709437906742096,0.18403303623199463,0.36425623297691345,0.6124979853630066,88.88510057961132,89.03852710535288,50.971701329696565,68.66251826286316,74.38946181938097,1368.4602553844452,8.539000749588013,0.5,0.001,256,lr_0.001_hc_256
153,1.845391035079956,0.7035043835639954,0.20193353295326233,0.3610560894012451,0.5788970589637756,88.95329014660757,89.15785884759632,52.38663484486874,68.65518093109131,74.78824119254098,1377.3808870315552,8.45574164390564,0.5,0.001,256,lr_0.001_hc_256
154,1.8236517906188965,0.7168368101119995,0.17511191964149475,0.36225488781929016,0.5694482326507568,88.83395840436414,89.12376406409818,51.78997613365155,68.1735098361969,74.48030210957769,1387.50244474411,9.664422750473022,0.5,0.001,256,lr_0.001_hc_256
155,1.836841106414795,0.7145575284957886,0.1889699548482895,0.37254825234413147,0.5607653856277466,88.93624275485851,88.97033753835663,52.2673031026253,68.1892991065979,74.59079562560959,1396.300193786621,8.30593490600586,0.5,0.001,256,lr_0.001_hc_256
156,1.8321545124053955,0.7152166962623596,0.17226067185401917,0.36439648270606995,0.5802807211875916,88.799863620866,89.26014319809069,52.60825093760655,69.56206560134888,75.05758083947804,1405.355141878128,8.608238220214844,0.5,0.001,256,lr_0.001_hc_256
157,1.803080439567566,0.7089506983757019,0.1751454472541809,0.4060395658016205,0.5129446983337402,89.10671667234912,88.97033753835663,54.432321854756225,68.86746883392334,75.34421122484633,1414.3585183620453,8.520793199539185,0.5,0.001,256,lr_0.001_hc_256
158,1.7856218814849854,0.7004396319389343,0.16970904171466827,0.37354809045791626,0.5419252514839172,89.56699624957382,88.86805318786226,53.3071939993181,68.5034990310669,75.06143561695528,1423.1508650779724,8.34660291671753,0.5,0.001,256,lr_0.001_hc_256
159,1.815277338027954,0.7000476717948914,0.1714673787355423,0.3826608657836914,0.5611013770103455,89.22604841459257,89.19195363109445,53.47766791680873,68.85390877723694,75.18739468493317,1432.0802607536316,8.487308263778687,0.5,0.001,256,lr_0.001_hc_256
160,1.8331853151321411,0.7237156629562378,0.17007005214691162,0.35281962156295776,0.5865799188613892,89.14081145584726,88.7146266621207,53.034435731333105,68.7191367149353,74.90225264105909,1441.4355897903442,8.883734226226807,0.5,0.001,256,lr_0.001_hc_256
161,1.8262561559677124,0.7278783917427063,0.18084460496902466,0.3711652457714081,0.546367883682251,89.05557449710194,88.85100579611318,52.64234572110467,68.2034969329834,74.6881057368258,1450.3760511875153,8.486922264099121,0.5,0.001,256,lr_0.001_hc_256
162,1.8295669555664062,0.7218021750450134,0.18413348495960236,0.36892950534820557,0.5547018051147461,89.22604841459257,89.10671667234912,53.426525741561534,68.11800599098206,74.96932420487133,1459.3008477687836,8.453417301177979,0.5,0.001,256,lr_0.001_hc_256
163,1.8274762630462646,0.7161076068878174,0.19113224744796753,0.393522709608078,0.5267137885093689,89.20900102284351,88.90214797136038,53.92090010228435,68.37383508682251,75.10147104582768,1468.0809063911438,8.335566520690918,0.5,0.001,256,lr_0.001_hc_256
164,1.7824475765228271,0.7080942392349243,0.16631491482257843,0.3677738606929779,0.5402646064758301,89.02147971360382,89.19195363109445,53.5799522673031,68.32630634307861,75.02992298877,1476.84739279747,8.304725170135498,0.5,0.001,256,lr_0.001_hc_256
165,1.805898666381836,0.7205263376235962,0.17226123809814453,0.4082326591014862,0.5048784613609314,89.56699624957382,89.14081145584726,54.15956358677122,68.14799308776855,75.25384109499022,1485.6405255794525,8.338582515716553,0.5,0.001,256,lr_0.001_hc_256
166,1.791158676147461,0.7014867663383484,0.17380709946155548,0.3837786018848419,0.5320863127708435,89.14081145584726,89.24309580634163,53.3071939993181,67.99854636192322,74.92241190585756,1494.567326784134,8.455588102340698,0.5,0.001,256,lr_0.001_hc_256
167,1.7802848815917969,0.7170931100845337,0.1746433675289154,0.36057886481285095,0.5279694199562073,89.07262188885102,89.4817592908285,53.83566314353904,68.25612783432007,75.16154303938465,1503.3885807991028,8.356481790542603,0.5,0.001,256,lr_0.001_hc_256
168,1.77413010597229,0.727053701877594,0.168526753783226,0.34904584288597107,0.5295037627220154,89.14081145584726,89.27719058983975,53.83566314353904,68.41689944267273,75.1676411579747,1512.9129891395569,9.05232048034668,0.5,0.001,256,lr_0.001_hc_256
169,1.8390464782714844,0.7413594126701355,0.1869615614414215,0.37674659490585327,0.5339788794517517,89.31128537333788,89.17490623934538,54.551653596999664,67.8892970085144,75.23178555454932,1521.6705186367035,8.31032919883728,0.5,0.001,256,lr_0.001_hc_256
170,1.8272581100463867,0.7367768287658691,0.1650380939245224,0.3968614339828491,0.5285817384719849,89.07262188885102,89.17490623934538,55.404023184452775,68.63939166069031,75.57273574333486,1530.4555113315582,8.324916124343872,0.5,0.001,256,lr_0.001_hc_256
171,1.7603857517242432,0.7194756865501404,0.16254489123821259,0.3716356158256531,0.5067295432090759,89.10671667234912,89.345380156836,55.33583361745653,67.29438304901123,75.27057837391322,1539.3398008346558,8.4044930934906,0.5,0.001,256,lr_0.001_hc_256
172,1.7876851558685303,0.7046002149581909,0.1784110814332962,0.3821121156215668,0.5225617289543152,89.15785884759632,89.3965223320832,53.76747357654279,68.65406036376953,75.24397877999796,1548.2649703025818,8.467805862426758,0.5,0.001,256,lr_0.001_hc_256
173,1.787834644317627,0.7147424817085266,0.156406968832016,0.40100571513175964,0.5156794786453247,88.62938970337538,89.03852710535288,54.79031708148653,67.70364046096802,75.0404685877957,1557.0545041561127,8.318038702011108,0.5,0.001,256,lr_0.001_hc_256
174,1.7596722841262817,0.696613609790802,0.16417692601680756,0.3744378685951233,0.5244438648223877,89.31128537333788,89.12376406409818,55.35288100920559,68.40222477912903,75.54753880644267,1565.7718832492828,8.272162199020386,0.5,0.001,256,lr_0.001_hc_256
175,1.7877084016799927,0.7250028848648071,0.1890079528093338,0.3889857530593872,0.48471173644065857,88.91919536310945,88.93624275485851,54.70508012274122,68.4684157371521,75.25723349446531,1574.5544695854187,8.31320858001709,0.5,0.001,256,lr_0.001_hc_256
176,1.79997980594635,0.7280547618865967,0.1744079440832138,0.3844495415687561,0.5130676031112671,89.58404364132288,89.02147971360382,54.41527446300716,66.5997862815857,74.90514602487988,1583.385003566742,8.37065052986145,0.5,0.001,256,lr_0.001_hc_256
177,1.787069320678711,0.7279092669487,0.17417731881141663,0.3934949040412903,0.4914877712726593,89.24309580634163,89.19195363109445,54.50051142175247,66.63264036178589,74.89205030524361,1592.248278617859,8.389704942703247,0.5,0.001,256,lr_0.001_hc_256
178,1.8013384342193604,0.737152636051178,0.18141008913516998,0.3729223906993866,0.5098533630371094,89.95908625980225,89.03852710535288,55.64268666893965,67.23154187202454,75.46796047652984,1601.0266485214233,8.317027568817139,0.5,0.001,256,lr_0.001_hc_256
179,1.7542405128479004,0.7220303416252136,0.1757633090019226,0.36462175846099854,0.491825133562088,89.43061711558131,89.24309580634163,55.76201841118309,67.76137351989746,75.54927621325088,1609.8425016403198,8.339138507843018,0.5,0.001,256,lr_0.001_hc_256
180,1.7473347187042236,0.7258731722831726,0.15614748001098633,0.36275309324264526,0.5025609135627747,89.70337538356632,89.345380156836,55.131264916467785,67.56552457809448,75.43638625874115,1618.6223640441895,8.345050573348999,0.5,0.001,256,lr_0.001_hc_256
181,1.7571380138397217,0.7358002066612244,0.16562344133853912,0.35728317499160767,0.49843117594718933,89.618138424821,89.07262188885102,55.60859188544153,66.53470993041992,75.20851553238337,1628.3906922340393,9.308290958404541,0.5,0.001,256,lr_0.001_hc_256
182,1.7590656280517578,0.710892915725708,0.1656586229801178,0.37737324833869934,0.5051408410072327,88.90214797136038,89.29423798158882,55.09717013296965,66.98304414749146,75.06915005835258,1637.8081181049347,8.942188739776611,0.5,0.001,256,lr_0.001_hc_256
183,1.768601655960083,0.6948001384735107,0.15390904247760773,0.39367619156837463,0.5262162685394287,89.68632799181725,89.08966928060008,54.466416638254344,66.02864265441895,74.81776414127265,1646.6158061027527,8.368861675262451,0.5,0.001,256,lr_0.001_hc_256
184,1.7458863258361816,0.6996613144874573,0.1575074940919876,0.3927832245826721,0.49593427777290344,89.68632799181725,89.14081145584726,54.63689055574497,66.8624758720398,75.08162646886231,1655.3318338394165,8.248540163040161,0.5,0.001,256,lr_0.001_hc_256
185,1.7485313415527344,0.7077264785766602,0.159803107380867,0.3609588146209717,0.5200428366661072,89.94203886805319,89.44766450733039,55.59154449369247,67.02946424484253,75.50267802847964,1664.1150839328766,8.329254627227783,0.5,0.001,256,lr_0.001_hc_256
186,1.7822505235671997,0.7162643074989319,0.16158698499202728,0.4063628613948822,0.49803635478019714,89.99318104330037,89.32833276508694,54.60279577224685,68.16553473472595,75.52246107884002,1672.8134632110596,8.240122318267822,0.5,0.001,256,lr_0.001_hc_256
187,1.762096881866455,0.7227782607078552,0.15758062899112701,0.3802109360694885,0.5015271306037903,89.65223320831913,89.19195363109445,55.43811796795091,68.83126497268677,75.77839244501281,1681.49316740036,8.220062255859375,0.5,0.001,256,lr_0.001_hc_256
188,1.7635457515716553,0.7042338252067566,0.17717094719409943,0.40215712785720825,0.47998377680778503,89.63518581657006,89.08966928060008,55.9836345039209,69.55184936523438,76.06508474158136,1690.743037700653,8.786922454833984,0.5,0.001,256,lr_0.001_hc_256
189,1.714670181274414,0.6929460763931274,0.15801168978214264,0.38672149181365967,0.4769909679889679,89.27719058983975,89.29423798158882,56.13706102966246,67.95835494995117,75.66671113776054,1699.9714968204498,8.76212453842163,0.5,0.001,256,lr_0.001_hc_256
190,1.7507448196411133,0.7149417996406555,0.1567869335412979,0.37502121925354004,0.5039949417114258,89.17490623934538,89.15785884759632,55.74497101943403,68.5312569141388,75.65224825512863,1708.9369676113129,8.500282049179077,0.5,0.001,256,lr_0.001_hc_256
191,1.7838902473449707,0.740643322467804,0.1761525571346283,0.39385807514190674,0.4732363820075989,89.7545175588135,89.24309580634163,56.426866689396526,68.673837184906,76.02457930986442,1717.5441753864288,8.128592729568481,0.5,0.001,256,lr_0.001_hc_256
192,1.7437613010406494,0.7252832651138306,0.16660289466381073,0.3641859292984009,0.4876893162727356,89.53290146607569,89.15785884759632,56.068871462666216,67.10474491119385,75.46609417188301,1726.4020886421204,8.420777320861816,0.5,0.001,256,lr_0.001_hc_256
193,1.750178337097168,0.7247815728187561,0.16190126538276672,0.38787367939949036,0.47562187910079956,89.31128537333788,89.37947494033412,55.60859188544153,67.91704297065735,75.55409879244272,1735.167752981186,8.267796039581299,0.5,0.001,256,lr_0.001_hc_256
194,1.7541673183441162,0.7303003072738647,0.16181598603725433,0.3676014244556427,0.4944496750831604,89.27719058983975,89.60109103307194,55.114217524718725,67.58928298950195,75.3954455342831,1743.9688911437988,8.348873615264893,0.5,0.001,256,lr_0.001_hc_256
195,1.7276833057403564,0.7155559659004211,0.15623123943805695,0.36921894550323486,0.4866771996021271,89.10671667234912,89.49880668257757,56.443914081145586,69.18901205062866,76.05961237167523,1752.7071783542633,8.265825748443604,0.5,0.001,256,lr_0.001_hc_256
196,1.705556035041809,0.7178988456726074,0.15274399518966675,0.3554733097553253,0.4794398844242096,88.74872144561881,89.19195363109445,56.49505625639277,68.17574501037598,75.6528690858705,1761.9903876781464,8.82933521270752,0.5,0.001,256,lr_0.001_hc_256
197,1.7306323051452637,0.7406200766563416,0.15702566504478455,0.34095749258995056,0.492029070854187,89.7545175588135,89.15785884759632,56.05182407091714,67.50890016555786,75.61827516072121,1770.791933298111,8.334846258163452,0.5,0.001,256,lr_0.001_hc_256
198,1.6906914710998535,0.7209587097167969,0.1487618088722229,0.3416156470775604,0.4793552756309509,89.54994885782476,89.618138424821,57.55199454483464,68.05803775787354,76.19452989633848,1779.5549113750458,8.317727088928223,0.5,0.001,256,lr_0.001_hc_256
199,1.6904346942901611,0.7257999181747437,0.15488439798355103,0.3443998694419861,0.46535050868988037,89.4817592908285,89.73747016706443,57.73951585407433,68.42933893203735,76.34702106100116,1788.2068002223969,8.161105871200562,0.5,0.001,256,lr_0.001_hc_256
200,1.7424018383026123,0.7201985716819763,0.15264026820659637,0.39351996779441833,0.4760429859161377,90.0784180020457,89.29423798158882,57.2110467098534,68.84880661964417,76.35812732828302,1797.1964554786682,8.520877599716187,0.5,0.001,256,lr_0.001_hc_256
201,1.6817739009857178,0.724902331829071,0.144561767578125,0.35133737325668335,0.4609723687171936,89.65223320831913,89.53290146607569,56.13706102966246,67.5830602645874,75.72631399216117,1805.9914445877075,8.315042495727539,0.5,0.001,256,lr_0.001_hc_256
202,1.6790931224822998,0.7141314744949341,0.14385278522968292,0.37060192227363586,0.45050686597824097,89.87384930105694,89.15785884759632,56.818956699624955,67.32946634292603,75.79503279780107,1814.8517858982086,8.409127712249756,0.5,0.001,256,lr_0.001_hc_256
203,1.692745327949524,0.7095205783843994,0.1455715447664261,0.3595680296421051,0.4780851900577545,89.60109103307194,89.68632799181725,56.49505625639277,69.2642867565155,76.26169050944938,1823.567388534546,8.23993444442749,0.5,0.001,256,lr_0.001_hc_256
204,1.6805548667907715,0.7139661312103271,0.16380225121974945,0.3362574279308319,0.466528981924057,89.618138424821,89.36242754858506,56.69962495738152,68.81994009017944,76.12503275524176,1832.3369479179382,8.322526454925537,0.5,0.001,256,lr_0.001_hc_256
205,1.7083351612091064,0.709007203578949,0.15773506462574005,0.36682310700416565,0.47476980090141296,89.63518581657006,89.54994885782476,56.085918854415276,67.99120903015137,75.81556563974037,1841.011644601822,8.2088623046875,0.5,0.001,256,lr_0.001_hc_256
206,1.667057752609253,0.7040407657623291,0.14290495216846466,0.31951144337654114,0.5006006360054016,89.97613365155132,89.70337538356632,56.27344016365497,68.96427869796753,76.22930697418504,1849.7146236896515,8.253401756286621,0.5,0.001,256,lr_0.001_hc_256
207,1.713731288909912,0.7101583480834961,0.1581079214811325,0.3491661846637726,0.49629881978034973,89.70337538356632,89.68632799181725,55.93249232867371,66.60887598991394,75.4827679234928,1858.7536149024963,8.562481880187988,0.5,0.001,256,lr_0.001_hc_256
208,1.6843565702438354,0.7099342346191406,0.14703217148780823,0.34499049186706543,0.48239970207214355,89.95908625980225,89.70337538356632,57.193999318104325,66.71414375305176,75.89265117863117,1867.3780355453491,8.169604063034058,0.5,0.001,256,lr_0.001_hc_256
209,1.666597604751587,0.7027619481086731,0.14363668859004974,0.3376654386520386,0.48253339529037476,89.90794408455506,89.46471189907945,56.78486191612683,67.07476377487183,75.80807041865829,1876.1430604457855,8.279541730880737,0.5,0.001,256,lr_0.001_hc_256
210,1.66922926902771,0.7005365490913391,0.13666249811649323,0.3507853150367737,0.4812449514865875,89.77156495056256,89.54994885782476,57.176951926355265,70.09811997413635,76.64914642721973,1885.4929676055908,8.908029556274414,0.5,0.001,256,lr_0.001_hc_256
211,1.65919828414917,0.6883787512779236,0.14908623695373535,0.33725541830062866,0.4844778776168823,89.83975451755882,89.73747016706443,57.36447323559496,67.23775863647461,76.04486413917321,1894.2696607112885,8.300332307815552,0.5,0.001,256,lr_0.001_hc_256
212,1.6857750415802002,0.7066488862037659,0.15644976496696472,0.3603949248790741,0.4622814357280731,89.54994885782476,89.53290146607569,57.31333106034777,66.74301028251648,75.78479791669118,1903.672375679016,8.928768157958984,0.5,0.001,256,lr_0.001_hc_256
213,1.63056480884552,0.6969315409660339,0.14615778625011444,0.346515953540802,0.4409596025943756,90.11251278554381,89.17490623934538,57.82475281281963,67.92325973510742,76.25885789320405,1912.6685190200806,8.471683025360107,0.5,0.001,256,lr_0.001_hc_256
214,1.657174825668335,0.7002131938934326,0.14808204770088196,0.3529001474380493,0.45597949624061584,89.72042277531538,89.31128537333788,57.92703716331401,68.27367544174194,76.3081051884273,1921.2322800159454,8.094177007675171,0.5,0.001,256,lr_0.001_hc_256
215,1.6381694078445435,0.6980562806129456,0.13751168549060822,0.33139950037002563,0.4712020456790924,90.2488919195363,89.49880668257757,56.904193658370275,68.74688863754272,76.34969522450672,1929.785053730011,8.089131116867065,0.5,0.001,256,lr_0.001_hc_256
216,1.6818982362747192,0.7235434055328369,0.15229591727256775,0.3561803102493286,0.4498785734176636,89.77156495056256,89.37947494033412,58.47255369928401,67.80779361724854,76.3578468018573,1938.8440957069397,8.601862907409668,0.5,0.001,256,lr_0.001_hc_256
217,1.6586003303527832,0.734929621219635,0.13871070742607117,0.35356754064559937,0.43139246106147766,90.11251278554381,89.37947494033412,58.233890214797135,67.0985221862793,76.20610003173859,1947.441956281662,8.128353118896484,0.5,0.001,256,lr_0.001_hc_256
218,1.700340747833252,0.7193679213523865,0.14016784727573395,0.38585588335990906,0.45494914054870605,89.63518581657006,89.345380156836,57.50085236958745,67.51177310943604,75.99829786310738,1956.4326422214508,8.554765701293945,0.5,0.001,256,lr_0.001_hc_256
219,1.6654472351074219,0.7162807583808899,0.13055358827114105,0.3579868972301483,0.46062594652175903,90.18070235254007,89.72042277531538,57.50085236958745,67.61814951896667,76.2550317541024,1965.04367685318,8.147099733352661,0.5,0.001,256,lr_0.001_hc_256
220,1.652562141418457,0.725419819355011,0.14144811034202576,0.33691900968551636,0.4487753212451935,89.95908625980225,89.07262188885102,58.608932833276505,67.75340437889099,76.34851134020519,1973.776585817337,8.297481775283813,0.5,0.001,256,lr_0.001_hc_256
221,1.6374025344848633,0.7121858596801758,0.1460009068250656,0.3371756076812744,0.44204026460647583,89.72042277531538,89.29423798158882,58.966928060006815,67.45626926422119,76.35946452028305,1982.2488687038422,8.000043392181396,0.5,0.001,256,lr_0.001_hc_256
222,1.662514567375183,0.7036244869232178,0.1429564207792282,0.35477831959724426,0.46115532517433167,89.90794408455506,89.3965223320832,57.46675758608932,67.47492551803589,76.06153738019086,1990.8253548145294,8.138991117477417,0.5,0.001,256,lr_0.001_hc_256
223,1.6758310794830322,0.7025525569915771,0.1462084949016571,0.35875362157821655,0.46831637620925903,89.72042277531538,89.31128537333788,58.30207978179338,66.49850606918335,75.9580734999075,1999.4365372657776,8.146079301834106,0.5,0.001,256,lr_0.001_hc_256
224,1.6647204160690308,0.7002971172332764,0.1477346420288086,0.36224365234375,0.4544450044631958,89.37947494033412,89.29423798158882,58.830548926014316,69.13015246391296,76.65860357796255,2009.0407693386078,9.15968632698059,0.5,0.001,256,lr_0.001_hc_256
225,1.6258533000946045,0.6979833841323853,0.12256422638893127,0.35723286867141724,0.4480728507041931,90.47050801227412,89.65223320831913,58.7964541425162,68.61387491226196,76.88326756884285,2017.6172847747803,8.104273796081543,0.5,0.001,256,lr_0.001_hc_256
226,1.637298822402954,0.6794257760047913,0.14627233147621155,0.36216971278190613,0.44943100214004517,89.54994885782476,89.37947494033412,57.637231503579955,67.82644987106323,76.09827629320051,2026.5478880405426,8.493122100830078,0.5,0.001,256,lr_0.001_hc_256
227,1.6493521928787231,0.678956151008606,0.1525479257106781,0.38365042209625244,0.43419763445854187,89.66928060006819,89.26014319809069,59.2055915444937,68.14575791358948,76.57019331406052,2035.0896785259247,8.076521635055542,0.5,0.001,256,lr_0.001_hc_256
228,1.6226235628128052,0.678964376449585,0.14446619153022766,0.3548509478569031,0.4443419873714447,89.92499147630413,89.618138424821,58.574838049778386,69.15901899337769,76.8192467360703,2043.6244802474976,8.097323417663574,0.5,0.001,256,lr_0.001_hc_256
229,1.5992474555969238,0.6807268261909485,0.1482839286327362,0.3507685959339142,0.4194681942462921,89.78861234231162,89.890896692806,58.48960109103307,68.2034969329834,76.59315176478351,2052.4023196697235,8.319476842880249,0.5,0.001,256,lr_0.001_hc_256
230,1.646612524986267,0.7169968485832214,0.13796141743659973,0.34270140528678894,0.4489528238773346,89.94203886805319,89.58404364132288,58.45550630753495,68.50972175598145,76.62282764322312,2061.0134642124176,8.166680335998535,0.5,0.001,256,lr_0.001_hc_256
231,1.6511955261230469,0.7329294085502625,0.1403784453868866,0.33117392659187317,0.44671377539634705,90.2488919195363,89.51585407432663,58.55779065802932,69.04865503311157,76.84279792125096,2069.541391134262,8.069583177566528,0.5,0.001,256,lr_0.001_hc_256
232,1.6739290952682495,0.7373732924461365,0.13219323754310608,0.3484598398208618,0.45590266585350037,90.21479713603819,89.41356972383225,58.097511080804644,68.05516481399536,76.4452606886676,2078.0487129688263,8.062877893447876,0.5,0.001,256,lr_0.001_hc_256
233,1.640527606010437,0.7157202363014221,0.13859610259532928,0.34792548418045044,0.4382856786251068,89.7545175588135,89.02147971360382,58.47255369928401,68.61674189567566,76.46632321684426,2086.6942343711853,8.180548906326294,0.5,0.001,256,lr_0.001_hc_256
234,1.608474612236023,0.7153893709182739,0.1300366371870041,0.33703291416168213,0.4260157346725464,90.09546539379475,89.54994885782476,59.256733719740886,69.63845491409302,77.13515072136336,2095.3540465831757,8.20146894454956,0.5,0.001,256,lr_0.001_hc_256
235,1.637830138206482,0.716372549533844,0.14018326997756958,0.34987330436706543,0.4314010441303253,90.21479713603819,89.44766450733039,59.22263893624275,67.32213497161865,76.5518088878075,2103.923647880554,8.11127519607544,0.5,0.001,256,lr_0.001_hc_256
236,1.6094354391098022,0.6987025141716003,0.12976132333278656,0.34883129596710205,0.43214020133018494,90.18070235254007,89.77156495056256,59.785202863961814,67.80444383621216,76.88547850081915,2112.500042438507,8.138963222503662,0.5,0.001,256,lr_0.001_hc_256
237,1.633162260055542,0.7099500298500061,0.13411207497119904,0.38154417276382446,0.40755605697631836,89.82270712580976,89.77156495056256,59.85339243095807,69.02201771736145,77.11742055617296,2120.972335100174,8.034807443618774,0.5,0.001,256,lr_0.001_hc_256
238,1.6277616024017334,0.7150904536247253,0.12587060034275055,0.3758010268211365,0.4109995663166046,90.04432321854756,89.58404364132288,60.31367200818275,67.1285092830658,76.76763703777975,2130.243287086487,8.80565881729126,0.5,0.001,256,lr_0.001_hc_256
239,1.608154058456421,0.7134475708007812,0.14310137927532196,0.33562740683555603,0.4159777760505676,89.80565973406068,89.7545175588135,60.245482441186496,68.51482391357422,77.08012091190872,2139.1392121315002,8.45155644416809,0.5,0.001,256,lr_0.001_hc_256
240,1.5617841482162476,0.6940299272537231,0.12157497555017471,0.33054089546203613,0.4156382977962494,90.18070235254007,89.78861234231162,59.92158199795431,68.09934377670288,76.99756011737722,2147.701670885086,8.104161739349365,0.5,0.001,256,lr_0.001_hc_256
241,1.5696169137954712,0.6919125914573669,0.1283125877380371,0.3156905770301819,0.43370115756988525,89.99318104330037,89.44766450733039,59.989771564950566,68.43444108963013,76.96626455130287,2156.326791524887,8.159779787063599,0.5,0.001,256,lr_0.001_hc_256
242,1.6099743843078613,0.6935434341430664,0.1369200348854065,0.3532925844192505,0.4262182414531708,90.04432321854756,89.43061711558131,59.83634503920901,67.21399426460266,76.63131990948513,2164.889324426651,8.111136198043823,0.5,0.001,256,lr_0.001_hc_256
243,1.5710225105285645,0.6777970790863037,0.143689826130867,0.31553712487220764,0.4339984357357025,89.99318104330037,89.77156495056256,60.842141152403684,69.71374154090881,77.58015717179386,2173.945197582245,8.597463846206665,0.5,0.001,256,lr_0.001_hc_256
244,1.6129041910171509,0.6829549074172974,0.14082427322864532,0.34859755635261536,0.44052746891975403,90.09546539379475,89.68632799181725,59.76815547221275,67.57684350013733,76.78169808949052,2182.5840187072754,8.180647611618042,0.5,0.001,256,lr_0.001_hc_256
245,1.625365138053894,0.6913290023803711,0.15240655839443207,0.36400604248046875,0.4176235496997833,89.83975451755882,89.63518581657006,60.05796113194681,67.50156283378601,76.75861607496543,2191.630291223526,8.549339294433594,0.5,0.001,256,lr_0.001_hc_256
246,1.581251859664917,0.6989489197731018,0.12886273860931396,0.3374186158180237,0.41602152585983276,90.3000340947835,89.82270712580976,60.72280941016025,67.96345710754395,77.20225193457436,2201.128886461258,9.013672828674316,0.5,0.001,256,lr_0.001_hc_256
247,1.5921682119369507,0.6987638473510742,0.12797902524471283,0.3347778618335724,0.43064749240875244,90.26593931128536,89.73747016706443,60.63757245141493,67.79024600982666,77.10780698489785,2210.5953850746155,8.979576587677002,0.5,0.001,256,lr_0.001_hc_256
248,1.5690109729766846,0.7017728090286255,0.1375671774148941,0.32678186893463135,0.4028891921043396,90.0784180020457,89.58404364132288,60.07500852369587,67.4131989479065,76.78766727874273,2219.9127361774445,8.855227708816528,0.5,0.001,256,lr_0.001_hc_256
249,1.5789940357208252,0.7086490392684937,0.13119888305664062,0.3347494900226593,0.404396653175354,90.21479713603819,89.66928060006819,60.978520286396176,67.73251295089722,77.14877774334994,2229.310963869095,8.913269996643066,0.5,0.001,256,lr_0.001_hc_256
250,1.5882327556610107,0.7023903131484985,0.1309652477502823,0.34208446741104126,0.4127926826477051,89.85680190930788,89.85680190930788,60.63757245141493,68.09025406837463,77.11035758460133,2238.7035319805145,8.947175025939941,0.5,0.001,256,lr_0.001_hc_256
251,1.5495679378509521,0.6964046359062195,0.1192900761961937,0.30883345007896423,0.42503973841667175,90.11251278554381,89.54994885782476,60.07500852369587,68.40046644210815,77.03448415229315,2247.983274459839,8.773576736450195,0.5,0.001,256,lr_0.001_hc_256
252,1.5575975179672241,0.6923418045043945,0.13370171189308167,0.3527812063694,0.3787728548049927,90.01022843504943,89.97613365155132,61.11489942038868,70.0907826423645,77.79801103733848,2257.874081134796,9.39154839515686,0.5,0.001,256,lr_0.001_hc_256
253,1.5623998641967773,0.6951397061347961,0.12932656705379486,0.34132134914398193,0.39661213755607605,89.99318104330037,89.78861234231162,60.63757245141493,67.72006750106812,77.03485833452376,2267.123335123062,8.777504205703735,0.5,0.001,256,lr_0.001_hc_256
254,1.5802310705184937,0.6930147409439087,0.129724383354187,0.34872275590896606,0.4087692201137543,90.0272758267985,89.890896692806,59.90453460620525,69.31468844413757,77.28434889248683,2276.659415245056,9.07010531425476,0.5,0.001,256,lr_0.001_hc_256
255,1.5651930570602417,0.7005108594894409,0.12671753764152527,0.33703383803367615,0.4009307622909546,89.56699624957382,89.68632799181725,59.631776338220256,67.43138432502747,76.5791212261597,2285.9863011837006,8.836170196533203,0.5,0.001,256,lr_0.001_hc_256
256,1.5747380256652832,0.685691237449646,0.1306484043598175,0.33306685090065,0.42533165216445923,90.50460279577224,89.66928060006819,60.99556767814525,68.13443899154663,77.32597251638308,2295.4997487068176,9.051722526550293,0.5,0.001,256,lr_0.001_hc_256
257,1.572629690170288,0.688420295715332,0.1307986080646515,0.35045602917671204,0.4029548764228821,90.31708148653256,89.85680190930788,61.8308898738493,67.62325763702393,77.40700772667842,2304.7247517108917,8.734007596969604,0.5,0.001,256,lr_0.001_hc_256
258,1.57277512550354,0.6874162554740906,0.13692432641983032,0.3290632963180542,0.4193713068962097,90.77736106375724,89.63518581657006,61.046709853392436,69.53431367874146,77.7483926031153,2313.945695877075,8.758282661437988,0.5,0.001,256,lr_0.001_hc_256
259,1.5758893489837646,0.6931586265563965,0.11937446147203445,0.3479015827178955,0.4154546558856964,90.53869757927036,89.95908625980225,61.74565291510399,69.44148540496826,77.92123053978621,2323.369867324829,8.933888912200928,0.5,0.001,256,lr_0.001_hc_256
260,1.6160430908203125,0.7144137024879456,0.15142488479614258,0.34723198413848877,0.40297242999076843,89.90794408455506,89.60109103307194,61.67746334810774,68.17574501037598,77.34056086902767,2332.722368001938,8.884336948394775,0.5,0.001,256,lr_0.001_hc_256
261,1.5474944114685059,0.6928296089172363,0.125918909907341,0.3429170548915863,0.38582882285118103,90.19774974428913,89.83975451755882,61.95022161609274,69.52298879623413,77.8776786685437,2342.111400127411,8.899019479751587,0.5,0.001,256,lr_0.001_hc_256
262,1.593284010887146,0.6969528794288635,0.12761671841144562,0.3563082814216614,0.4124061167240143,90.38527105352881,89.618138424821,61.14899420388681,68.36936473846436,77.38044210517523,2351.469530105591,8.893062591552734,0.5,0.001,256,lr_0.001_hc_256
263,1.6525262594223022,0.6992465257644653,0.14586065709590912,0.4032157063484192,0.40420326590538025,89.63518581657006,89.70337538356632,61.16604159563587,69.08373832702637,77.39708528069966,2360.7892651557922,8.829021692276001,0.5,0.001,256,lr_0.001_hc_256
264,1.6032766103744507,0.6872186064720154,0.1288481205701828,0.3638492524623871,0.42336055636405945,89.97613365155132,89.26014319809069,61.08080463689055,67.86329746246338,77.04509473724899,2370.448013305664,9.19610595703125,0.5,0.001,256,lr_0.001_hc_256
265,1.5766617059707642,0.6714966297149658,0.13170060515403748,0.33851414918899536,0.43495020270347595,90.0272758267985,89.78861234231162,60.63757245141493,68.455970287323,77.22735772696203,2380.4490480422974,9.533426523208618,0.5,0.001,256,lr_0.001_hc_256
266,1.5747997760772705,0.6835231781005859,0.12684330344200134,0.37084048986434937,0.39359283447265625,90.38527105352881,89.24309580634163,62.00136379133993,69.0622091293335,77.67298494513597,2389.7228186130524,8.80733323097229,0.5,0.001,256,lr_0.001_hc_256
267,1.5492100715637207,0.687005341053009,0.1187087744474411,0.345198392868042,0.398297518491745,90.91374019774975,89.85680190930788,61.779747698602115,66.55002236366272,77.27507804233062,2399.1627190113068,8.95830249786377,0.5,0.001,256,lr_0.001_hc_256
268,1.562370777130127,0.7028129696846008,0.121651791036129,0.35528814792633057,0.3826179504394531,90.65802932151381,90.01022843504943,62.76849642004774,68.95806193351746,78.09870402753212,2408.565524339676,8.913703441619873,0.5,0.001,256,lr_0.001_hc_256
269,1.5518724918365479,0.6931975483894348,0.12035921961069107,0.3487221896648407,0.3895934820175171,90.5727923627685,90.09546539379475,61.71155813160586,67.9097056388855,77.57238038176365,2417.9200270175934,8.886398792266846,0.5,0.001,256,lr_0.001_hc_256
270,1.5862090587615967,0.7256508469581604,0.12416477501392365,0.3341321647167206,0.40226131677627563,90.45346062052506,89.78861234231162,62.22297988407773,68.07159185409546,77.63416117525247,2427.3270285129547,8.913651704788208,0.5,0.001,256,lr_0.001_hc_256
271,1.5500705242156982,0.6926933526992798,0.12179411202669144,0.3307217061519623,0.4048613905906677,90.26593931128536,89.65223320831913,61.86498465734742,68.9982533454895,77.69535263061036,2436.1210775375366,8.339608907699585,0.5,0.001,256,lr_0.001_hc_256
272,1.569688081741333,0.6976443529129028,0.12627992033958435,0.33445921540260315,0.4113045334815979,90.04432321854756,89.90794408455506,61.91612683259461,69.6056067943573,77.86850023251363,2444.95600438118,8.371107578277588,0.5,0.001,256,lr_0.001_hc_256
273,1.528187870979309,0.682035505771637,0.12422830611467361,0.3241550028324127,0.3977690637111664,90.0272758267985,89.87384930105694,61.74565291510399,68.83859634399414,77.6213435967384,2453.799573659897,8.387596845626831,0.5,0.001,256,lr_0.001_hc_256
274,1.5345542430877686,0.6943102478981018,0.1358094960451126,0.3249031603336334,0.3795313537120819,89.72042277531538,89.92499147630413,62.29116945107399,67.40475296974182,77.33533416810883,2462.4071843624115,8.131096601486206,0.5,0.001,256,lr_0.001_hc_256
275,1.5365437269210815,0.6844008564949036,0.13476477563381195,0.3474033772945404,0.36997470259666443,90.3000340947835,89.85680190930788,63.29696556426867,69.17656660079956,78.15759204228989,2471.7785861492157,8.93065071105957,0.5,0.001,256,lr_0.001_hc_256
276,1.5859196186065674,0.69816654920578,0.14200830459594727,0.36731377243995667,0.3784310221672058,89.80565973406068,89.3965223320832,62.359359018070236,67.32436418533325,77.22147631738684,2481.2149229049683,8.94489049911499,0.5,0.001,256,lr_0.001_hc_256
277,1.5579309463500977,0.7020074725151062,0.133307084441185,0.35560983419418335,0.3670065999031067,90.21479713603819,89.92499147630413,63.672008182748044,68.04894208908081,77.96518472104279,2490.313957929611,8.638374090194702,0.5,0.001,256,lr_0.001_hc_256
278,1.533693790435791,0.7062933444976807,0.1217178925871849,0.32798638939857483,0.3776961863040924,90.436413228776,89.890896692806,62.734401636549606,66.95641279220581,77.50453108758435,2499.079763650894,8.288015127182007,0.5,0.001,256,lr_0.001_hc_256
279,1.5329209566116333,0.7008707523345947,0.12849344313144684,0.3428772985935211,0.3606795072555542,90.41936583702693,89.53290146607569,63.45039209001023,69.23542022705078,78.15951990504091,2508.773248195648,9.248547315597534,0.5,0.001,256,lr_0.001_hc_256
280,1.5718806982040405,0.6862514615058899,0.143839031457901,0.35710597038269043,0.3846842348575592,90.45346062052506,89.66928060006819,62.836685987043985,68.49616765975952,77.86389871684919,2517.5756566524506,8.328404664993286,0.5,0.001,256,lr_0.001_hc_256
281,1.5538544654846191,0.6844131946563721,0.13613693416118622,0.34000030159950256,0.3933040499687195,90.31708148653256,89.77156495056256,62.751449028298666,67.82022714614868,77.66508065288562,2526.1667642593384,8.135162115097046,0.5,0.001,256,lr_0.001_hc_256
282,1.5726537704467773,0.6931771039962769,0.1291053593158722,0.32364487648010254,0.42672649025917053,90.5216501875213,89.95908625980225,61.30242072962837,68.90542507171631,77.67214556216706,2534.885462999344,8.24916410446167,0.5,0.001,256,lr_0.001_hc_256
283,1.552971601486206,0.6880269050598145,0.12861959636211395,0.33430057764053345,0.402024507522583,90.50460279577224,89.82270712580976,61.59222638936242,68.88676881790161,77.7015762822115,2544.205728292465,8.837493181228638,0.5,0.001,256,lr_0.001_hc_256
284,1.537854790687561,0.6792306900024414,0.12115361541509628,0.3381699323654175,0.39930060505867004,90.5216501875213,89.85680190930788,62.274122059324924,68.35182905197144,77.75110080203137,2553.5259461402893,8.823020696640015,0.5,0.001,256,lr_0.001_hc_256
285,1.5392191410064697,0.690716564655304,0.12320136278867722,0.3456970453262329,0.3796041011810303,90.436413228776,89.77156495056256,63.36515513126491,67.75515675544739,77.83207251651272,2562.6871194839478,8.697967529296875,0.5,0.001,256,lr_0.001_hc_256
286,1.565443992614746,0.7045341730117798,0.1204778403043747,0.33507466316223145,0.4053574204444885,90.26593931128536,89.90794408455506,62.80259120354585,68.72822642326355,77.92617525566246,2571.9044966697693,8.762832164764404,0.5,0.001,256,lr_0.001_hc_256
287,1.544816493988037,0.7036195993423462,0.12223534286022186,0.33122947812080383,0.38773199915885925,90.8455506307535,89.85680190930788,64.06409819297647,68.31275224685669,78.26980074497362,2581.3750610351562,8.993791341781616,0.5,0.001,256,lr_0.001_hc_256
288,1.534203052520752,0.7109804749488831,0.11765073239803314,0.32158079743385315,0.38399094343185425,90.62393453801569,89.94203886805319,63.75724514149334,68.13044548034668,78.11341600697722,2590.7100670337677,8.870351791381836,0.5,0.001,256,lr_0.001_hc_256
289,1.5515285730361938,0.7022003531455994,0.12263835221529007,0.34473946690559387,0.38195040822029114,90.47050801227412,89.83975451755882,63.126491646778035,68.18196177482605,77.90467898785926,2599.97460603714,8.785656929016113,0.5,0.001,256,lr_0.001_hc_256
290,1.5448181629180908,0.7007196545600891,0.1212509423494339,0.3343445956707001,0.38850295543670654,90.3000340947835,89.70337538356632,63.569723832253665,67.73984432220459,77.82824440820202,2609.215754032135,8.784185886383057,0.5,0.001,256,lr_0.001_hc_256
291,1.5236084461212158,0.6917879581451416,0.11994756013154984,0.3194420039653778,0.3924309313297272,90.21479713603819,89.85680190930788,62.20593249232868,68.82392168045044,77.77536330453128,2618.530030965805,8.830077409744263,0.5,0.001,256,lr_0.001_hc_256
292,1.5025043487548828,0.6868056058883667,0.11210830509662628,0.33018916845321655,0.37340134382247925,90.47050801227412,89.87384930105694,63.2799181725196,66.98416471481323,77.65211005016597,2628.0512318611145,9.050730466842651,0.5,0.001,256,lr_0.001_hc_256
293,1.4877960681915283,0.6907687783241272,0.12315504252910614,0.3008715510368347,0.3730006515979767,90.436413228776,89.80565973406068,62.66621206955336,68.94162893295288,77.96247849133573,2637.8874378204346,9.342106342315674,0.5,0.001,256,lr_0.001_hc_256
294,1.5759111642837524,0.6975333094596863,0.12270402908325195,0.3566623330116272,0.3990114629268646,90.12956017729287,89.87384930105694,63.07534947153085,69.47147250175476,78.13755786290886,2647.135981798172,8.777628898620605,0.5,0.001,256,lr_0.001_hc_256
295,1.5265507698059082,0.6976328492164612,0.11545800417661667,0.3268561065196991,0.38660386204719543,90.47050801227412,89.77156495056256,63.62086600750085,67.29438304901123,77.78933050483718,2656.471388578415,8.85519790649414,0.5,0.001,256,lr_0.001_hc_256
296,1.5502961874008179,0.6957371234893799,0.11593665927648544,0.36720821261405945,0.3714142143726349,90.81145584725537,89.97613365155132,63.97886123423117,68.35517287254333,78.2804059013953,2665.7923657894135,8.844125509262085,0.5,0.001,256,lr_0.001_hc_256
297,1.5552499294281006,0.6995011568069458,0.13577648997306824,0.3386450409889221,0.38132721185684204,90.7944084555063,90.14660756904193,63.433344698261166,69.45903301239014,78.45834843379988,2675.065190553665,8.801330804824829,0.5,0.001,256,lr_0.001_hc_256
298,1.5319478511810303,0.6914312243461609,0.13368438184261322,0.32477399706840515,0.38205820322036743,90.99897715649506,89.890896692806,63.53562904875554,68.35628747940063,78.1954475943643,2684.4262149333954,8.889471054077148,0.5,0.001,256,lr_0.001_hc_256
299,1.5298497676849365,0.7000629305839539,0.1172076165676117,0.31921103596687317,0.3933681845664978,90.77736106375724,89.44766450733039,63.46743948175929,68.52614879608154,78.05465346223211,2693.5082590579987,8.604800701141357,0.5,0.001,256,lr_0.001_hc_256
300,1.5343586206436157,0.6824088096618652,0.11391863226890564,0.322982519865036,0.4150485694408417,90.9307875894988,89.85680190930788,63.60381861575179,67.00059175491333,77.84799996736795,2702.070981502533,8.106251955032349,0.5,0.001,256,lr_0.001_hc_256
