learning_rate,hidden_channels,final_loss,average_accuracy,final_accuracy,training_time,rmse,best_model
0.001,64,6.042409896850586,0.6020718971888223,0.7657545804977417,0:00:58,10.121165909296646,False
0.001,128,3.157043695449829,0.8214106468359629,0.9265662670135498,0:01:15,5.555568042991668,True
0.001,256,2.4588608741760254,0.8936598145961763,0.923698616027832,0:01:47,5.771218095250461,False
0.0005,64,7.88800573348999,0.39983971476554875,0.6718469381332397,0:00:57,14.624837412178442,False
0.0005,128,4.342709064483643,0.7242502621809642,0.922575855255127,0:01:12,5.789966802912323,False
0.0005,256,2.656249761581421,0.8665842425823211,0.9240281701087951,0:01:47,5.794157298540038,False
0.0001,64,19.903728485107422,0.005602546135584513,0.005205214023590088,0:00:57,36.89251494315461,False
0.0001,128,11.824880599975586,0.26908555229504905,0.49430021047592165,0:01:14,20.178868593449042,False
0.0001,256,6.69802713394165,0.6040841575463614,0.8769227743148804,0:01:48,7.010155101123924,False
